symbol,company_name,isin,source,source_reference
ACC,ACC Ltd.,,OFFICIAL,NSE Fact Book 2017 Table 4-15
ADANIPORTS,Adani Ports and Special Economic Zone Ltd.,,OFFICIAL,NSE Fact Book 2017 Table 4-15
AMBUJACEM,Ambuja Cements Ltd.,,OFFICIAL,NSE Fact Book 2017 Table 4-15
ASIANPAINT,Asian Paints Ltd.,,OFFICIAL,NSE Fact Book 2017 Table 4-15
AUROPHARMA,Aurobindo Pharma Ltd.,,OFFICIAL,NSE Fact Book 2017 Table 4-15
AXISBANK,Axis Bank Ltd.,,OFFICIAL,NSE Fact Book 2017 Table 4-15
BAJAJ-AUTO,Bajaj Auto Ltd.,,OFFICIAL,NSE Fact Book 2017 Table 4-15
BANKBARODA,Bank of Baroda,,OFFICIAL,NSE Fact Book 2017 Table 4-15
BPCL,Bharat Petroleum Corporation Ltd.,,OFFICIAL,NSE Fact Book 2017 Table 4-15
BHARTIARTL,Bharti Airtel Ltd.,,OFFICIAL,NSE Fact Book 2017 Table 4-15
INFRATEL,Bharti Infratel Ltd.,,OFFICIAL,NSE Fact Book 2017 Table 4-15
BOSCHLTD,Bosch Ltd.,,OFFICIAL,NSE Fact Book 2017 Table 4-15
CIPLA,Cipla Ltd.,,OFFICIAL,NSE Fact Book 2017 Table 4-15
COALINDIA,Coal India Ltd.,,OFFICIAL,NSE Fact Book 2017 Table 4-15
DRREDDY,Dr. Reddy's Laboratories Ltd.,,OFFICIAL,NSE Fact Book 2017 Table 4-15
EICHERMOT,Eicher Motors Ltd.,,OFFICIAL,NSE Fact Book 2017 Table 4-15
GAIL,GAIL (India) Ltd.,,OFFICIAL,NSE Fact Book 2017 Table 4-15
GRASIM,Grasim Industries Ltd.,,OFFICIAL,NSE Fact Book 2017 Table 4-15
HCLTECH,HCL Technologies Ltd.,,OFFICIAL,NSE Fact Book 2017 Table 4-15
HDFCBANK,HDFC Bank Ltd.,,OFFICIAL,NSE Fact Book 2017 Table 4-15
HEROMOTOCO,Hero MotoCorp Ltd.,,OFFICIAL,NSE Fact Book 2017 Table 4-15
HINDALCO,Hindalco Industries Ltd.,,OFFICIAL,NSE Fact Book 2017 Table 4-15
HINDUNILVR,Hindustan Unilever Ltd.,,OFFICIAL,NSE Fact Book 2017 Table 4-15
HDFC,Housing Development Finance Corporation Ltd.,,OFFICIAL,NSE Fact Book 2017 Table 4-15
ITC,I T C Ltd.,,OFFICIAL,NSE Fact Book 2017 Table 4-15
ICICIBANK,ICICI Bank Ltd.,,OFFICIAL,NSE Fact Book 2017 Table 4-15
IBULHSGFIN,Indiabulls Housing Finance Ltd.,,OFFICIAL,NSE Fact Book 2017 Table 4-15
IOC,Indian Oil Corporation Ltd.,,OFFICIAL,NSE Fact Book 2017 Table 4-15
INDUSINDBK,IndusInd Bank Ltd.,,OFFICIAL,NSE Fact Book 2017 Table 4-15
INFY,Infosys Ltd.,,OFFICIAL,NSE Fact Book 2017 Table 4-15
KOTAKBANK,Kotak Mahindra Bank Ltd.,,OFFICIAL,NSE Fact Book 2017 Table 4-15
LT,Larsen & Toubro Ltd.,,OFFICIAL,NSE Fact Book 2017 Table 4-15
LUPIN,Lupin Ltd.,,OFFICIAL,NSE Fact Book 2017 Table 4-15
M&M,Mahindra & Mahindra Ltd.,,OFFICIAL,NSE Fact Book 2017 Table 4-15
MARUTI,Maruti Suzuki India Ltd.,,OFFICIAL,NSE Fact Book 2017 Table 4-15
NTPC,NTPC Ltd.,,OFFICIAL,NSE Fact Book 2017 Table 4-15
ONGC,Oil & Natural Gas Corporation Ltd.,,OFFICIAL,NSE Fact Book 2017 Table 4-15
POWERGRID,Power Grid Corporation of India Ltd.,,OFFICIAL,NSE Fact Book 2017 Table 4-15
RELIANCE,Reliance Industries Ltd.,,OFFICIAL,NSE Fact Book 2017 Table 4-15
SBIN,State Bank of India,,OFFICIAL,NSE Fact Book 2017 Table 4-15
SUNPHARMA,Sun Pharmaceutical Industries Ltd.,,OFFICIAL,NSE Fact Book 2017 Table 4-15
TCS,Tata Consultancy Services Ltd.,,OFFICIAL,NSE Fact Book 2017 Table 4-15
TATAMTRDVR,Tata Motors Ltd DVR,,OFFICIAL,NSE Fact Book 2017 Table 4-15
TATAMOTORS,Tata Motors Ltd.,,OFFICIAL,NSE Fact Book 2017 Table 4-15
TATAPOWER,Tata Power Co. Ltd.,,OFFICIAL,NSE Fact Book 2017 Table 4-15
TATASTEEL,Tata Steel Ltd.,,OFFICIAL,NSE Fact Book 2017 Table 4-15
TECHM,Tech Mahindra Ltd.,,OFFICIAL,NSE Fact Book 2017 Table 4-15
ULTRACEMCO,UltraTech Cement Ltd.,,OFFICIAL,NSE Fact Book 2017 Table 4-15
WIPRO,Wipro Ltd.,,OFFICIAL,NSE Fact Book 2017 Table 4-15
YESBANK,Yes Bank Ltd.,INE528G01019,OFFICIAL,NSE Fact Book 2017 Table 4-15
ZEEL,Zee Entertainment Enterprises Ltd.,,OFFICIAL,NSE Fact Book 2017 Table 4-15