effective_date,symbol,company_name,isin,action,source,source_reference,confidence
2017-03-31,BHEL,Bharat Heavy Electricals Ltd.,INE257A01026,EXCLUSION,OFFICIAL,NSE Circular ind_prs16022017.pdf / IndexInclExcl.xls,HIGH
2017-03-31,IDEA,Idea Cellular Ltd.,INE669E01016,EXCLUSION,OFFICIAL,NSE Circular ind_prs16022017.pdf / IndexInclExcl.xls,HIGH
2017-03-31,IBULHSGFIN,Indiabulls Housing Finance Ltd.,INE148I01020,INCLUSION,OFFICIAL,NSE Circular ind_prs16022017.pdf / IndexInclExcl.xls,HIGH
2017-03-31,IOC,Indian Oil Corporation Ltd.,INE242A01010,INCLUSION,OFFICIAL,NSE Circular ind_prs16022017.pdf / IndexInclExcl.xls,HIGH
2017-05-26,GRASIM,Grasim Industries Ltd.,INE047A01021,EXCLUSION,OFFICIAL,NSE Circular ind_prs27042017.pdf / IndexInclExcl.xls,HIGH
2017-05-26,VEDL,Vedanta Ltd.,INE205A01025,INCLUSION,OFFICIAL,NSE Circular ind_prs27042017.pdf / IndexInclExcl.xls,HIGH
2017-09-29,ACC,ACC Ltd.,INE012A01025,EXCLUSION,OFFICIAL,NSE Circular ind_prs28082017.pdf / IndexInclExcl.xls,HIGH
2017-09-29,BANKBARODA,Bank of Baroda,INE028A01039,EXCLUSION,OFFICIAL,NSE Circular ind_prs28082017.pdf / IndexInclExcl.xls,HIGH
2017-09-29,TATAMTRDVR,Tata Motors Ltd. DVR,IN9155A01020,EXCLUSION,OFFICIAL,NSE Circular ind_prs28082017.pdf / IndexInclExcl.xls,HIGH
2017-09-29,TATAPOWER,Tata Power Co. Ltd.,INE245A01021,EXCLUSION,OFFICIAL,NSE Circular ind_prs28082017.pdf / IndexInclExcl.xls,HIGH
2017-09-29,BAJFINANCE,Bajaj Finance Ltd.,INE296A01024,INCLUSION,OFFICIAL,NSE Circular ind_prs28082017.pdf / IndexInclExcl.xls,HIGH
2017-09-29,HINDPETRO,Hindustan Petroleum Corporation Ltd.,INE094A01015,INCLUSION,OFFICIAL,NSE Circular ind_prs28082017.pdf / IndexInclExcl.xls,HIGH
2017-09-29,UPL,UPL Ltd.,INE628A01036,INCLUSION,OFFICIAL,NSE Circular ind_prs28082017.pdf / IndexInclExcl.xls,HIGH
2018-04-02,AMBUJACEM,Ambuja Cements Ltd.,INE079A01024,EXCLUSION,OFFICIAL,NSE Circular ind_prs21022018.pdf / IndexInclExcl.xls,HIGH
2018-04-02,AUROPHARMA,Aurobindo Pharma Ltd.,INE406A01037,EXCLUSION,OFFICIAL,NSE Circular ind_prs21022018.pdf / IndexInclExcl.xls,HIGH
2018-04-02,BOSCHLTD,Bosch Ltd.,INE323A01026,EXCLUSION,OFFICIAL,NSE Circular ind_prs21022018.pdf / IndexInclExcl.xls,HIGH
2018-04-02,BAJAJFINSV,Bajaj Finserv Ltd.,INE918I01026,INCLUSION,OFFICIAL,NSE Circular ind_prs21022018.pdf / IndexInclExcl.xls,HIGH
2018-04-02,GRASIM,Grasim Industries Ltd.,INE047A01021,INCLUSION,OFFICIAL,NSE Circular ind_prs21022018.pdf / IndexInclExcl.xls,HIGH
2018-04-02,TITAN,Titan Company Ltd.,INE280A01028,INCLUSION,OFFICIAL,NSE Circular ind_prs21022018.pdf / IndexInclExcl.xls,HIGH
2018-09-28,LUPIN,Lupin Ltd.,INE326A01037,EXCLUSION,OFFICIAL,NSE Circular ind_prs28082018.pdf / IndexInclExcl.xls,HIGH
2018-09-28,JSWSTEEL,JSW Steel Ltd.,INE019A01038,INCLUSION,OFFICIAL,NSE Circular ind_prs28082018.pdf / IndexInclExcl.xls,HIGH
2019-03-29,HINDPETRO,Hindustan Petroleum Corporation Ltd.,INE094A01015,EXCLUSION,OFFICIAL,NSE Circular ind_prs25022019.pdf / IndexInclExcl.xls,HIGH
2019-03-29,BRITANNIA,Britannia Industries Ltd.,INE216A01030,INCLUSION,OFFICIAL,NSE Circular ind_prs25022019.pdf / IndexInclExcl.xls,HIGH
2019-09-27,IBULHSGFIN,Indiabulls Housing Finance Ltd.,INE148I01020,EXCLUSION,OFFICIAL,NSE Circular ind_prs28082019.pdf / IndexInclExcl.xls,HIGH
2019-09-27,NESTLEIND,Nestle India Ltd.,INE239A01024,INCLUSION,OFFICIAL,NSE Circular ind_prs28082019.pdf / IndexInclExcl.xls,HIGH
2020-03-27,YESBANK,Yes Bank Ltd.,INE528G01035,EXCLUSION,OFFICIAL,NSE Indices Press Release ind_prs18022020.pdf,HIGH
2020-03-19,SHREECEM,Shree Cement Ltd.,INE070A01015,INCLUSION,OFFICIAL,NSE Circular ind_prs16032020.pdf / IndexInclExcl.xls,HIGH
2020-07-31,VEDL,Vedanta Ltd.,INE205A01025,EXCLUSION,OFFICIAL,NSE Circular ind_prs02072020_1.pdf / IndexInclExcl.xls,HIGH
2020-07-31,HDFCLIFE,HDFC Life Insurance Company Ltd.,INE795G01014,INCLUSION,OFFICIAL,NSE Circular ind_prs02072020_1.pdf / IndexInclExcl.xls,HIGH
2020-09-25,INFRATEL,Bharti Infratel Ltd.,INE121J01017,EXCLUSION,OFFICIAL,NSE Circular ind_prs20082020.pdf,HIGH
2020-09-25,ZEEL,Zee Entertainment Enterprises Ltd.,INE256A01028,EXCLUSION,OFFICIAL,NSE Circular ind_prs20082020.pdf,HIGH
2020-09-25,DIVISLAB,Divi's Laboratories Ltd.,INE361B01024,INCLUSION,OFFICIAL,NSE Circular ind_prs20082020.pdf,HIGH
2020-09-25,SBILIFE,SBI Life Insurance Company Ltd.,INE123W01016,INCLUSION,OFFICIAL,NSE Circular ind_prs20082020.pdf,HIGH
2021-03-31,GAIL,GAIL (India) Ltd.,INE129A01019,EXCLUSION,OFFICIAL,NSE Circular ind_prs23022021.pdf,HIGH
2021-03-31,TATACONSUM,Tata Consumer Products Ltd.,INE192A01025,INCLUSION,OFFICIAL,NSE Circular ind_prs23022021.pdf,HIGH
2022-03-31,IOC,Indian Oil Corporation Ltd.,INE242A01010,EXCLUSION,OFFICIAL,NSE Circular ind_prs24022022_1.pdf,HIGH
2022-03-31,APOLLOHOSP,Apollo Hospitals Enterprise Ltd.,INE437A01024,INCLUSION,OFFICIAL,NSE Circular ind_prs24022022_1.pdf,HIGH
2022-09-30,SHREECEM,Shree Cement Ltd.,INE070A01015,EXCLUSION,OFFICIAL,NSE Circular ind_prs01092022.pdf,HIGH
2022-09-30,ADANIENT,Adani Enterprises Ltd.,INE423A01024,INCLUSION,OFFICIAL,NSE Circular ind_prs01092022.pdf,HIGH
2023-07-13,HDFC,Housing Development Finance Corporation Ltd.,INE001A01036,EXCLUSION,OFFICIAL,NSE Circular ind_prs04072023.pdf,HIGH
2023-07-13,LTIM,LTIMindtree Ltd.,INE214T01019,INCLUSION,OFFICIAL,NSE Circular ind_prs04072023.pdf,HIGH
2024-03-28,UPL,UPL Ltd.,INE628A01036,EXCLUSION,OFFICIAL,NSE Circular ind_prs28022024.pdf,HIGH
2024-03-28,SHRIRAMFIN,Shriram Finance Ltd.,INE721A01013,INCLUSION,OFFICIAL,NSE Circular ind_prs28022024.pdf,HIGH
2024-09-30,DIVISLAB,Divi's Laboratories Ltd.,INE361B01024,EXCLUSION,OFFICIAL,NSE Circular ind_prs23082024.pdf,HIGH
2024-09-30,LTIM,LTIMindtree Ltd.,INE214T01019,EXCLUSION,OFFICIAL,NSE Circular ind_prs23082024.pdf,HIGH
2024-09-30,BEL,Bharat Electronics Ltd.,INE263A01024,INCLUSION,OFFICIAL,NSE Circular ind_prs23082024.pdf,HIGH
2024-09-30,TRENT,Trent Ltd.,INE849A01020,INCLUSION,OFFICIAL,NSE Circular ind_prs23082024.pdf,HIGH
2025-03-28,BPCL,Bharat Petroleum Corporation Ltd.,INE029A01011,EXCLUSION,OFFICIAL,NSE Circular ind_prs21022025.pdf,HIGH
2025-03-28,BRITANNIA,Britannia Industries Ltd.,INE216A01030,EXCLUSION,OFFICIAL,NSE Circular ind_prs21022025.pdf,HIGH
2025-03-28,ETERNAL,Eternal Ltd. (Zomato),INE758T01015,INCLUSION,OFFICIAL,NSE Circular ind_prs21022025.pdf,HIGH
2025-03-28,JIOFIN,Jio Financial Services Ltd.,INE758E01017,INCLUSION,OFFICIAL,NSE Circular ind_prs21022025.pdf,HIGH
2025-09-30,HEROMOTOCO,Hero MotoCorp Ltd.,INE158A01026,EXCLUSION,OFFICIAL,NSE Circular ind_prs22082025.pdf,HIGH
2025-09-30,INDUSINDBK,IndusInd Bank Ltd.,INE095A01012,EXCLUSION,OFFICIAL,NSE Circular ind_prs22082025.pdf,HIGH
2025-09-30,INDIGO,InterGlobe Aviation Ltd.,INE646L01027,INCLUSION,OFFICIAL,NSE Circular ind_prs22082025.pdf,HIGH
2025-09-30,MAXHEALTH,Max Healthcare Institute Ltd.,INE027H01010,INCLUSION,OFFICIAL,NSE Circular ind_prs22082025.pdf,HIGH
