date,year,is_trading_day,session_type,reason,source,source_reference
2017-01-26,2017,False,REGULAR,Republic Day,NSE_OFFICIAL,NSE/CMTR/33746
2017-02-24,2017,False,REGULAR,Mahashivratri,NSE_OFFICIAL,NSE/CMTR/33746
2017-03-13,2017,False,REGULAR,Holi,NSE_OFFICIAL,NSE/CMTR/33746
2017-04-04,2017,False,REGULAR,Ram Navami,NSE_OFFICIAL,NSE/CMTR/33746
2017-04-14,2017,False,REGULAR,Good Friday / Ambedkar Jayanti,NSE_OFFICIAL,NSE/CMTR/33746
2017-05-01,2017,False,REGULAR,Maharashtra Day,NSE_OFFICIAL,NSE/CMTR/33746
2017-06-26,2017,False,REGULAR,Id-Ul-Fitr,NSE_OFFICIAL,NSE/CMTR/33746
2017-08-15,2017,False,REGULAR,Independence Day,NSE_OFFICIAL,NSE/CMTR/33746
2017-08-25,2017,False,REGULAR,Ganesh Chaturthi,NSE_OFFICIAL,NSE/CMTR/33746
2017-10-02,2017,False,REGULAR,Mahatma Gandhi Jayanti,NSE_OFFICIAL,NSE/CMTR/33746
2017-10-19,2017,True,MUHURAT,Diwali Laxmi Pujan - Muhurat Trading,NSE_OFFICIAL,NSE/CMTR/33746
2017-10-20,2017,False,REGULAR,Diwali Balipratipada,NSE_OFFICIAL,NSE/CMTR/33746
2017-12-25,2017,False,REGULAR,Christmas,NSE_OFFICIAL,NSE/CMTR/33746
2018-01-26,2018,False,REGULAR,Republic Day,NSE_OFFICIAL,NSE/CMTR/36475
2018-02-13,2018,False,REGULAR,Mahashivratri,NSE_OFFICIAL,NSE/CMTR/36475
2018-03-02,2018,False,REGULAR,Holi,NSE_OFFICIAL,NSE/CMTR/36475
2018-03-29,2018,False,REGULAR,Mahavir Jayanti,NSE_OFFICIAL,NSE/CMTR/36475
2018-03-30,2018,False,REGULAR,Good Friday,NSE_OFFICIAL,NSE/CMTR/36475
2018-05-01,2018,False,REGULAR,Maharashtra Day,NSE_OFFICIAL,NSE/CMTR/36475
2018-08-15,2018,False,REGULAR,Independence Day,NSE_OFFICIAL,NSE/CMTR/36475
2018-08-22,2018,False,REGULAR,Bakri Id,NSE_OFFICIAL,NSE/CMTR/36475
2018-09-13,2018,False,REGULAR,Ganesh Chaturthi,NSE_OFFICIAL,NSE/CMTR/36475
2018-09-20,2018,False,REGULAR,Moharram,NSE_OFFICIAL,NSE/CMTR/36475
2018-10-02,2018,False,REGULAR,Mahatma Gandhi Jayanti,NSE_OFFICIAL,NSE/CMTR/36475
2018-10-18,2018,False,REGULAR,Dasera,NSE_OFFICIAL,NSE/CMTR/36475
2018-11-07,2018,True,MUHURAT,Diwali Laxmi Pujan - Muhurat Trading,NSE_OFFICIAL,NSE/CMTR/36475
2018-11-08,2018,False,REGULAR,Diwali Balipratipada,NSE_OFFICIAL,NSE/CMTR/36475
2018-11-23,2018,False,REGULAR,Gurunanak Jayanti,NSE_OFFICIAL,NSE/CMTR/36475
2018-12-25,2018,False,REGULAR,Christmas,NSE_OFFICIAL,NSE/CMTR/36475
2019-03-04,2019,False,REGULAR,Mahashivratri,NSE_OFFICIAL,NSE/CMTR/39612
2019-03-21,2019,False,REGULAR,Holi,NSE_OFFICIAL,NSE/CMTR/39612
2019-04-17,2019,False,REGULAR,Mahavir Jayanti,NSE_OFFICIAL,NSE/CMTR/39612
2019-04-19,2019,False,REGULAR,Good Friday,NSE_OFFICIAL,NSE/CMTR/39612
2019-05-01,2019,False,REGULAR,Maharashtra Day,NSE_OFFICIAL,NSE/CMTR/39612
2019-06-05,2019,False,REGULAR,Id-Ul-Fitr,NSE_OFFICIAL,NSE/CMTR/39612
2019-08-12,2019,False,REGULAR,Bakri Id,NSE_OFFICIAL,NSE/CMTR/39612
2019-08-15,2019,False,REGULAR,Independence Day,NSE_OFFICIAL,NSE/CMTR/39612
2019-09-02,2019,False,REGULAR,Ganesh Chaturthi,NSE_OFFICIAL,NSE/CMTR/39612
2019-09-10,2019,False,REGULAR,Moharram,NSE_OFFICIAL,NSE/CMTR/39612
2019-10-02,2019,False,REGULAR,Mahatma Gandhi Jayanti,NSE_OFFICIAL,NSE/CMTR/39612
2019-10-08,2019,False,REGULAR,Dasera,NSE_OFFICIAL,NSE/CMTR/39612
2019-10-27,2019,True,MUHURAT,Diwali Laxmi Pujan - Muhurat Trading,NSE_OFFICIAL,NSE/CMTR/39612
2019-10-28,2019,False,REGULAR,Diwali Balipratipada,NSE_OFFICIAL,NSE/CMTR/39612
2019-11-12,2019,False,REGULAR,Gurunanak Jayanti,NSE_OFFICIAL,NSE/CMTR/39612
2019-12-25,2019,False,REGULAR,Christmas,NSE_OFFICIAL,NSE/CMTR/39612
2020-02-21,2020,False,REGULAR,Mahashivratri,NSE_OFFICIAL,NSE/CMTR/42877
2020-03-10,2020,False,REGULAR,Holi,NSE_OFFICIAL,NSE/CMTR/42877
2020-04-02,2020,False,REGULAR,Ram Navami,NSE_OFFICIAL,NSE/CMTR/42877
2020-04-06,2020,False,REGULAR,Mahavir Jayanti,NSE_OFFICIAL,NSE/CMTR/42877
2020-04-10,2020,False,REGULAR,Good Friday,NSE_OFFICIAL,NSE/CMTR/42877
2020-04-14,2020,False,REGULAR,Ambedkar Jayanti,NSE_OFFICIAL,NSE/CMTR/42877
2020-05-01,2020,False,REGULAR,Maharashtra Day,NSE_OFFICIAL,NSE/CMTR/42877
2020-05-25,2020,False,REGULAR,Id-Ul-Fitr,NSE_OFFICIAL,NSE/CMTR/42877
2020-10-02,2020,False,REGULAR,Mahatma Gandhi Jayanti,NSE_OFFICIAL,NSE/CMTR/42877
2020-11-14,2020,True,MUHURAT,Diwali Laxmi Pujan - Muhurat Trading,NSE_OFFICIAL,NSE/CMTR/42877
2020-11-16,2020,False,REGULAR,Diwali Balipratipada,NSE_OFFICIAL,NSE/CMTR/42877
2020-11-30,2020,False,REGULAR,Gurunanak Jayanti,NSE_OFFICIAL,NSE/CMTR/42877
2020-12-25,2020,False,REGULAR,Christmas,NSE_OFFICIAL,NSE/CMTR/42877
2021-01-26,2021,False,REGULAR,Republic Day,NSE_OFFICIAL,NSE/CMTR/46623
2021-03-11,2021,False,REGULAR,Mahashivratri,NSE_OFFICIAL,NSE/CMTR/46623
2021-03-29,2021,False,REGULAR,Holi,NSE_OFFICIAL,NSE/CMTR/46623
2021-04-02,2021,False,REGULAR,Good Friday,NSE_OFFICIAL,NSE/CMTR/46623
2021-04-14,2021,False,REGULAR,Ambedkar Jayanti,NSE_OFFICIAL,NSE/CMTR/46623
2021-04-21,2021,False,REGULAR,Ram Navami,NSE_OFFICIAL,NSE/CMTR/46623
2021-05-13,2021,False,REGULAR,Id-Ul-Fitr,NSE_OFFICIAL,NSE/CMTR/46623
2021-07-21,2021,False,REGULAR,Bakri Id,NSE_OFFICIAL,NSE/CMTR/46623
2021-08-19,2021,False,REGULAR,Moharram,NSE_OFFICIAL,NSE/CMTR/46623
2021-09-10,2021,False,REGULAR,Ganesh Chaturthi,NSE_OFFICIAL,NSE/CMTR/46623
2021-10-15,2021,False,REGULAR,Dussehra,NSE_OFFICIAL,NSE/CMTR/46623
2021-11-04,2021,True,MUHURAT,Diwali Laxmi Pujan - Muhurat Trading,NSE_OFFICIAL,NSE/CMTR/46623
2021-11-05,2021,False,REGULAR,Diwali Balipratipada,NSE_OFFICIAL,NSE/CMTR/46623
2021-11-19,2021,False,REGULAR,Gurunanak Jayanti,NSE_OFFICIAL,NSE/CMTR/46623
2022-01-26,2022,False,REGULAR,Republic Day,NSE_OFFICIAL,NSE/CMTR/50560
2022-03-01,2022,False,REGULAR,Mahashivratri,NSE_OFFICIAL,NSE/CMTR/50560
2022-03-18,2022,False,REGULAR,Holi,NSE_OFFICIAL,NSE/CMTR/50560
2022-04-14,2022,False,REGULAR,Ambedkar Jayanti / Mahavir Jayanti,NSE_OFFICIAL,NSE/CMTR/50560
2022-04-15,2022,False,REGULAR,Good Friday,NSE_OFFICIAL,NSE/CMTR/50560
2022-05-03,2022,False,REGULAR,Id-Ul-Fitr,NSE_OFFICIAL,NSE/CMTR/50560
2022-08-09,2022,False,REGULAR,Moharram,NSE_OFFICIAL,NSE/CMTR/50560
2022-08-15,2022,False,REGULAR,Independence Day,NSE_OFFICIAL,NSE/CMTR/50560
2022-08-31,2022,False,REGULAR,Ganesh Chaturthi,NSE_OFFICIAL,NSE/CMTR/50560
2022-10-05,2022,False,REGULAR,Dussehra,NSE_OFFICIAL,NSE/CMTR/50560
2022-10-24,2022,True,MUHURAT,Diwali Laxmi Pujan - Muhurat Trading,NSE_OFFICIAL,NSE/CMTR/50560
2022-10-26,2022,False,REGULAR,Diwali Balipratipada,NSE_OFFICIAL,NSE/CMTR/50560
2022-11-08,2022,False,REGULAR,Gurunanak Jayanti,NSE_OFFICIAL,NSE/CMTR/50560
2023-01-26,2023,False,REGULAR,Republic Day,NSE_OFFICIAL,NSE/CMTR/54757
2023-03-07,2023,False,REGULAR,Holi,NSE_OFFICIAL,NSE/CMTR/54757
2023-03-30,2023,False,REGULAR,Ram Navami,NSE_OFFICIAL,NSE/CMTR/54757
2023-04-04,2023,False,REGULAR,Mahavir Jayanti,NSE_OFFICIAL,NSE/CMTR/54757
2023-04-07,2023,False,REGULAR,Good Friday,NSE_OFFICIAL,NSE/CMTR/54757
2023-04-14,2023,False,REGULAR,Ambedkar Jayanti,NSE_OFFICIAL,NSE/CMTR/54757
2023-05-01,2023,False,REGULAR,Maharashtra Day,NSE_OFFICIAL,NSE/CMTR/54757
2023-06-28,2023,False,REGULAR,Bakri Id,NSE_OFFICIAL,NSE/CMTR/54757
2023-08-15,2023,False,REGULAR,Independence Day,NSE_OFFICIAL,NSE/CMTR/54757
2023-09-19,2023,False,REGULAR,Ganesh Chaturthi,NSE_OFFICIAL,NSE/CMTR/54757
2023-10-02,2023,False,REGULAR,Mahatma Gandhi Jayanti,NSE_OFFICIAL,NSE/CMTR/54757
2023-10-24,2023,False,REGULAR,Dussehra,NSE_OFFICIAL,NSE/CMTR/54757
2023-11-12,2023,True,MUHURAT,Diwali Laxmi Pujan - Muhurat Trading,NSE_OFFICIAL,NSE/CMTR/54757
2023-11-14,2023,False,REGULAR,Diwali Balipratipada,NSE_OFFICIAL,NSE/CMTR/54757
2023-11-27,2023,False,REGULAR,Gurunanak Jayanti,NSE_OFFICIAL,NSE/CMTR/54757
2023-12-25,2023,False,REGULAR,Christmas,NSE_OFFICIAL,NSE/CMTR/54757
2024-01-26,2024,False,REGULAR,Republic Day,NSE_OFFICIAL,NSE/CMTR/59722
2024-03-08,2024,False,REGULAR,Mahashivratri,NSE_OFFICIAL,NSE/CMTR/59722
2024-03-25,2024,False,REGULAR,Holi,NSE_OFFICIAL,NSE/CMTR/59722
2024-03-29,2024,False,REGULAR,Good Friday,NSE_OFFICIAL,NSE/CMTR/59722
2024-04-11,2024,False,REGULAR,Id-Ul-Fitr,NSE_OFFICIAL,NSE/CMTR/59722
2024-04-17,2024,False,REGULAR,Ram Navami,NSE_OFFICIAL,NSE/CMTR/59722
2024-05-01,2024,False,REGULAR,Maharashtra Day,NSE_OFFICIAL,NSE/CMTR/59722
2024-06-17,2024,False,REGULAR,Bakri Id,NSE_OFFICIAL,NSE/CMTR/59722
2024-07-17,2024,False,REGULAR,Moharram,NSE_OFFICIAL,NSE/CMTR/59722
2024-08-15,2024,False,REGULAR,Independence Day / Parsi New Year,NSE_OFFICIAL,NSE/CMTR/59722
2024-10-02,2024,False,REGULAR,Mahatma Gandhi Jayanti,NSE_OFFICIAL,NSE/CMTR/59722
2024-11-01,2024,True,MUHURAT,Diwali Laxmi Pujan - Muhurat Trading,NSE_OFFICIAL,NSE/CMTR/59722
2024-11-15,2024,False,REGULAR,Gurunanak Jayanti,NSE_OFFICIAL,NSE/CMTR/59722
2024-12-25,2024,False,REGULAR,Christmas,NSE_OFFICIAL,NSE/CMTR/59722
2025-02-26,2025,False,REGULAR,Mahashivratri,NSE_OFFICIAL,NSE/CMTR/65587
2025-03-14,2025,False,REGULAR,Holi,NSE_OFFICIAL,NSE/CMTR/65587
2025-03-31,2025,False,REGULAR,Id-Ul-Fitr,NSE_OFFICIAL,NSE/CMTR/65587
2025-04-10,2025,False,REGULAR,Mahavir Jayanti,NSE_OFFICIAL,NSE/CMTR/65587
2025-04-14,2025,False,REGULAR,Ambedkar Jayanti,NSE_OFFICIAL,NSE/CMTR/65587
2025-04-18,2025,False,REGULAR,Good Friday,NSE_OFFICIAL,NSE/CMTR/65587
2025-05-01,2025,False,REGULAR,Maharashtra Day,NSE_OFFICIAL,NSE/CMTR/65587
2025-08-15,2025,False,REGULAR,Independence Day,NSE_OFFICIAL,NSE/CMTR/65587
2025-08-27,2025,False,REGULAR,Ganesh Chaturthi,NSE_OFFICIAL,NSE/CMTR/65587
2025-10-02,2025,False,REGULAR,Mahatma Gandhi Jayanti / Dussehra,NSE_OFFICIAL,NSE/CMTR/65587
2025-10-21,2025,True,MUHURAT,Diwali Laxmi Pujan - Muhurat Trading,NSE_OFFICIAL,NSE/CMTR/65587
2025-10-22,2025,False,REGULAR,Diwali Balipratipada,NSE_OFFICIAL,NSE/CMTR/65587
2025-11-05,2025,False,REGULAR,Guru Nanak Jayanti,NSE_OFFICIAL,NSE/CMTR/65587
2025-12-25,2025,False,REGULAR,Christmas,NSE_OFFICIAL,NSE/CMTR/65587
