decision_date,symbol,eligible,available_from,available_to,signal_source_date,execution_date
2018-03-28,HINDUNILVR,true,2017-03-31,,2018-02-28,2018-04-02
2018-03-28,MARUTI,true,2017-03-31,,2018-02-28,2018-04-02
2018-03-28,BAJFINANCE,true,2017-09-29,,2018-02-28,2018-04-02
2018-03-28,IBULHSGFIN,true,2017-03-31,2019-09-26,2018-02-28,2018-04-02
2018-03-28,TATASTEEL,true,2017-03-31,,2018-02-28,2018-04-02
2018-06-29,TITAN,true,2018-04-02,,2018-05-31,2018-07-02
2018-06-29,TECHM,true,2017-03-31,,2018-05-31,2018-07-02
2018-06-29,BAJFINANCE,true,2017-09-29,,2018-05-31,2018-07-02
2018-06-29,HINDUNILVR,true,2017-03-31,,2018-05-31,2018-07-02
2018-06-29,BAJAJFINSV,true,2018-04-02,,2018-05-31,2018-07-02
2018-09-28,TECHM,true,2017-03-31,,2018-08-31,2018-10-01
2018-09-28,BAJFINANCE,true,2017-09-29,,2018-08-31,2018-10-01
2018-09-28,INFY,true,2017-03-31,,2018-08-31,2018-10-01
2018-09-28,JSWSTEEL,true,2018-09-28,,2018-08-31,2018-10-01
2018-09-28,HINDUNILVR,true,2017-03-31,,2018-08-31,2018-10-01
2018-12-31,BAJFINANCE,true,2017-09-29,,2018-11-30,2019-01-01
2018-12-31,TECHM,true,2017-03-31,,2018-11-30,2019-01-01
2018-12-31,HINDUNILVR,true,2017-03-31,,2018-11-30,2019-01-01
2018-12-31,RELIANCE,true,2017-03-31,,2018-11-30,2019-01-01
2018-12-31,KOTAKBANK,true,2017-03-31,,2018-11-30,2019-01-01
2019-03-29,BAJFINANCE,true,2017-09-29,,2019-02-28,2019-04-01
2019-03-29,TECHM,true,2017-03-31,,2019-02-28,2019-04-01
2019-03-29,AXISBANK,true,2017-03-31,,2019-02-28,2019-04-01
2019-03-29,HINDUNILVR,true,2017-03-31,,2019-02-28,2019-04-01
2019-03-29,RELIANCE,true,2017-03-31,,2019-02-28,2019-04-01
2019-06-28,BAJFINANCE,true,2017-09-29,,2019-05-31,2019-07-01
2019-06-28,ICICIBANK,true,2017-03-31,,2019-05-31,2019-07-01
2019-06-28,AXISBANK,true,2017-03-31,,2019-05-31,2019-07-01
2019-06-28,RELIANCE,true,2017-03-31,,2019-05-31,2019-07-01
2019-06-28,UPL,true,2017-09-29,2024-03-27,2019-05-31,2019-07-01
2019-09-30,TITAN,true,2018-04-02,,2019-08-30,2019-10-01
2019-09-30,ICICIBANK,true,2017-03-31,,2019-08-30,2019-10-01
2019-09-30,ASIANPAINT,true,2017-03-31,,2019-08-30,2019-10-01
2019-09-30,BAJFINANCE,true,2017-09-29,,2019-08-30,2019-10-01
2019-09-30,HDFC,true,2017-03-31,2023-07-12,2019-08-30,2019-10-01
2019-12-31,BAJFINANCE,true,2017-09-29,,2019-11-29,2020-01-01
2019-12-31,BPCL,true,2017-03-31,2025-03-27,2019-11-29,2020-01-01
2019-12-31,BAJAJFINSV,true,2018-04-02,,2019-11-29,2020-01-01
2019-12-31,ICICIBANK,true,2017-03-31,,2019-11-29,2020-01-01
2019-12-31,BHARTIARTL,true,2017-03-31,,2019-11-29,2020-01-01
2020-03-31,BAJFINANCE,true,2017-09-29,,2020-02-28,2020-04-01
2020-03-31,BHARTIARTL,true,2017-03-31,,2020-02-28,2020-04-01
2020-03-31,NESTLEIND,true,2019-09-27,,2020-02-28,2020-04-01
2020-03-31,ICICIBANK,true,2017-03-31,,2020-02-28,2020-04-01
2020-03-31,BAJAJFINSV,true,2018-04-02,,2020-02-28,2020-04-01
2020-06-30,BHARTIARTL,true,2017-03-31,,2020-05-29,2020-07-01
2020-06-30,NESTLEIND,true,2019-09-27,,2020-05-29,2020-07-01
2020-06-30,DRREDDY,true,2017-03-31,,2020-05-29,2020-07-01
2020-06-30,ASIANPAINT,true,2017-03-31,,2020-05-29,2020-07-01
2020-06-30,CIPLA,true,2017-03-31,,2020-05-29,2020-07-01
2020-09-30,DIVISLAB,true,2020-09-25,2024-09-29,2020-08-31,2020-10-01
2020-09-30,DRREDDY,true,2017-03-31,,2020-08-31,2020-10-01
2020-09-30,RELIANCE,true,2017-03-31,,2020-08-31,2020-10-01
2020-09-30,CIPLA,true,2017-03-31,,2020-08-31,2020-10-01
2020-09-30,BHARTIARTL,true,2017-03-31,,2020-08-31,2020-10-01
2020-12-31,DIVISLAB,true,2020-09-25,2024-09-29,2020-11-27,2021-01-01
2020-12-31,DRREDDY,true,2017-03-31,,2020-11-27,2021-01-01
2020-12-31,CIPLA,true,2017-03-31,,2020-11-27,2021-01-01
2020-12-31,INFY,true,2017-03-31,,2020-11-27,2021-01-01
2020-12-31,WIPRO,true,2017-03-31,,2020-11-27,2021-01-01
2021-03-31,TATAMOTORS,true,2017-03-31,,2021-02-26,2021-04-01
2021-03-31,HINDALCO,true,2017-03-31,,2021-02-26,2021-04-01
2021-03-31,ADANIPORTS,true,2017-03-31,,2021-02-26,2021-04-01
2021-03-31,CIPLA,true,2017-03-31,,2021-02-26,2021-04-01
2021-03-31,TATASTEEL,true,2017-03-31,,2021-02-26,2021-04-01
2021-06-30,JSWSTEEL,true,2018-09-28,,2021-05-31,2021-07-01
2021-06-30,TATASTEEL,true,2017-03-31,,2021-05-31,2021-07-01
2021-06-30,TATAMOTORS,true,2017-03-31,,2021-05-31,2021-07-01
2021-06-30,BAJFINANCE,true,2017-09-29,,2021-05-31,2021-07-01
2021-06-30,HINDALCO,true,2017-03-31,,2021-05-31,2021-07-01
2021-09-30,TATASTEEL,true,2017-03-31,,2021-08-31,2021-10-01
2021-09-30,BAJAJFINSV,true,2018-04-02,,2021-08-31,2021-10-01
2021-09-30,JSWSTEEL,true,2018-09-28,,2021-08-31,2021-10-01
2021-09-30,HINDALCO,true,2017-03-31,,2021-08-31,2021-10-01
2021-09-30,WIPRO,true,2017-03-31,,2021-08-31,2021-10-01
2021-12-31,TATAMOTORS,true,2017-03-31,,2021-11-30,2022-01-03
2021-12-31,BAJAJFINSV,true,2018-04-02,,2021-11-30,2022-01-03
2021-12-31,GRASIM,true,2018-04-02,,2021-11-30,2022-01-03
2021-12-31,SBIN,true,2017-03-31,,2021-11-30,2022-01-03
2021-12-31,TATASTEEL,true,2017-03-31,,2021-11-30,2022-01-03
2022-03-31,TITAN,true,2018-04-02,,2022-02-28,2022-04-01
2022-03-31,TATASTEEL,true,2017-03-31,,2022-02-28,2022-04-01
2022-03-31,HINDALCO,true,2017-03-31,,2022-02-28,2022-04-01
2022-03-31,BAJAJFINSV,true,2018-04-02,,2022-02-28,2022-04-01
2022-03-31,JSWSTEEL,true,2018-09-28,,2022-02-28,2022-04-01
2022-06-30,NTPC,true,2017-03-31,,2022-05-31,2022-07-01
2022-06-30,TATAMOTORS,true,2017-03-31,,2022-05-31,2022-07-01
2022-06-30,TITAN,true,2018-04-02,,2022-05-31,2022-07-01
2022-06-30,ONGC,true,2017-03-31,,2022-05-31,2022-07-01
2022-06-30,BHARTIARTL,true,2017-03-31,,2022-05-31,2022-07-01
2022-09-30,ADANIENT,true,2022-09-30,,2022-08-30,2022-10-03
2022-09-30,M&M,true,2017-03-31,,2022-08-30,2022-10-03
2022-09-30,TATAMOTORS,true,2017-03-31,,2022-08-30,2022-10-03
2022-09-30,COALINDIA,true,2017-03-31,,2022-08-30,2022-10-03
2022-09-30,ITC,true,2017-03-31,,2022-08-30,2022-10-03
2022-12-30,ADANIENT,true,2022-09-30,,2022-11-30,2023-01-02
2022-12-30,M&M,true,2017-03-31,,2022-11-30,2023-01-02
2022-12-30,ITC,true,2017-03-31,,2022-11-30,2023-01-02
2022-12-30,COALINDIA,true,2017-03-31,,2022-11-30,2023-01-02
2022-12-30,EICHERMOT,true,2017-03-31,,2022-11-30,2023-01-02
2023-03-31,ITC,true,2017-03-31,,2023-02-28,2023-04-03
2023-03-31,M&M,true,2017-03-31,,2023-02-28,2023-04-03
2023-03-31,BRITANNIA,true,2019-03-29,2025-03-27,2023-02-28,2023-04-03
2023-03-31,NTPC,true,2017-03-31,,2023-02-28,2023-04-03
2023-03-31,COALINDIA,true,2017-03-31,,2023-02-28,2023-04-03
2023-06-30,ITC,true,2017-03-31,,2023-05-31,2023-07-03
2023-06-30,INDUSINDBK,true,2017-03-31,2025-09-29,2023-05-31,2023-07-03
2023-06-30,AXISBANK,true,2017-03-31,,2023-05-31,2023-07-03
2023-06-30,LT,true,2017-03-31,,2023-05-31,2023-07-03
2023-06-30,EICHERMOT,true,2017-03-31,,2023-05-31,2023-07-03
2023-09-29,LT,true,2017-03-31,,2023-08-31,2023-10-03
2023-09-29,ITC,true,2017-03-31,,2023-08-31,2023-10-03
2023-09-29,NTPC,true,2017-03-31,,2023-08-31,2023-10-03
2023-09-29,DRREDDY,true,2017-03-31,,2023-08-31,2023-10-03
2023-09-29,AXISBANK,true,2017-03-31,,2023-08-31,2023-10-03
2023-12-29,BAJAJ-AUTO,true,2017-03-31,,2023-11-30,2024-01-01
2023-12-29,TATAMOTORS,true,2017-03-31,,2023-11-30,2024-01-01
2023-12-29,NTPC,true,2017-03-31,,2023-11-30,2024-01-01
2023-12-29,COALINDIA,true,2017-03-31,,2023-11-30,2024-01-01
2023-12-29,LT,true,2017-03-31,,2023-11-30,2024-01-01
2024-03-28,ADANIENT,true,2022-09-30,,2024-02-29,2024-04-01
2024-03-28,TATAMOTORS,true,2017-03-31,,2024-02-29,2024-04-01
2024-03-28,ADANIPORTS,true,2017-03-31,,2024-02-29,2024-04-01
2024-03-28,BAJAJ-AUTO,true,2017-03-31,,2024-02-29,2024-04-01
2024-03-28,COALINDIA,true,2017-03-31,,2024-02-29,2024-04-01
2024-06-28,NTPC,true,2017-03-31,,2024-05-31,2024-07-01
2024-06-28,COALINDIA,true,2017-03-31,,2024-05-31,2024-07-01
2024-06-28,BAJAJ-AUTO,true,2017-03-31,,2024-05-31,2024-07-01
2024-06-28,ADANIPORTS,true,2017-03-31,,2024-05-31,2024-07-01
2024-06-28,M&M,true,2017-03-31,,2024-05-31,2024-07-01
2024-09-30,TRENT,true,2024-09-30,,2024-08-30,2024-10-01
2024-09-30,BAJAJ-AUTO,true,2017-03-31,,2024-08-30,2024-10-01
2024-09-30,COALINDIA,true,2017-03-31,,2024-08-30,2024-10-01
2024-09-30,BEL,true,2024-09-30,,2024-08-30,2024-10-01
2024-09-30,ONGC,true,2017-03-31,,2024-08-30,2024-10-01
2024-12-31,TRENT,true,2024-09-30,,2024-11-29,2025-01-01
2024-12-31,BEL,true,2024-09-30,,2024-11-29,2025-01-01
2024-12-31,M&M,true,2017-03-31,,2024-11-29,2025-01-01
2024-12-31,BHARTIARTL,true,2017-03-31,,2024-11-29,2025-01-01
2024-12-31,POWERGRID,true,2017-03-31,,2024-11-29,2025-01-01
2025-03-28,BHARTIARTL,true,2017-03-31,,2025-02-28,2025-04-01
2025-03-28,M&M,true,2017-03-31,,2025-02-28,2025-04-01
2025-03-28,BAJFINANCE,true,2017-09-29,,2025-02-28,2025-04-01
2025-03-28,HINDALCO,true,2017-03-31,,2025-02-28,2025-04-01
2025-03-28,EICHERMOT,true,2017-03-31,,2025-02-28,2025-04-01
2025-06-30,HDFCLIFE,true,2020-07-31,,2025-05-30,2025-07-01
2025-06-30,BAJFINANCE,true,2017-09-29,,2025-05-30,2025-07-01
2025-06-30,BHARTIARTL,true,2017-03-31,,2025-05-30,2025-07-01
2025-06-30,BAJAJFINSV,true,2018-04-02,,2025-05-30,2025-07-01
2025-06-30,SBILIFE,true,2020-09-25,,2025-05-30,2025-07-01
2025-09-30,MAXHEALTH,true,2025-09-30,,2025-08-29,2025-10-01
2025-09-30,BEL,true,2024-09-30,,2025-08-29,2025-10-01
2025-09-30,EICHERMOT,true,2017-03-31,,2025-08-29,2025-10-01
2025-09-30,MARUTI,true,2017-03-31,,2025-08-29,2025-10-01
2025-09-30,BHARTIARTL,true,2017-03-31,,2025-08-29,2025-10-01
