decision_date,formation_start,formation_end,execution_date,member_count,signal_eligible_count,selected_count,selected_symbols,missing_execution_opens,status,reason
2018-03-28,2017-02-28,2018-02-28,2018-04-02,50,50,5,HINDUNILVR|MARUTI|BAJFINANCE|IBULHSGFIN|TATASTEEL,,PASS,TOP_N_RANKING_AND_EXECUTION_OPEN_AVAILABLE
2018-06-29,2017-05-31,2018-05-31,2018-07-02,50,50,5,TITAN|TECHM|BAJFINANCE|HINDUNILVR|BAJAJFINSV,,PASS,TOP_N_RANKING_AND_EXECUTION_OPEN_AVAILABLE
2018-09-28,2017-08-31,2018-08-31,2018-10-01,50,50,5,TECHM|BAJFINANCE|INFY|JSWSTEEL|HINDUNILVR,,PASS,TOP_N_RANKING_AND_EXECUTION_OPEN_AVAILABLE
2018-12-31,2017-11-30,2018-11-30,2019-01-01,50,50,5,BAJFINANCE|TECHM|HINDUNILVR|RELIANCE|KOTAKBANK,,PASS,TOP_N_RANKING_AND_EXECUTION_OPEN_AVAILABLE
2019-03-29,2018-02-28,2019-02-28,2019-04-01,50,50,5,BAJFINANCE|TECHM|AXISBANK|HINDUNILVR|RELIANCE,,PASS,TOP_N_RANKING_AND_EXECUTION_OPEN_AVAILABLE
2019-06-28,2018-05-31,2019-05-31,2019-07-01,50,50,5,BAJFINANCE|ICICIBANK|AXISBANK|RELIANCE|UPL,,PASS,TOP_N_RANKING_AND_EXECUTION_OPEN_AVAILABLE
2019-09-30,2018-08-31,2019-08-30,2019-10-01,50,50,5,TITAN|ICICIBANK|ASIANPAINT|BAJFINANCE|HDFC,,PASS,TOP_N_RANKING_AND_EXECUTION_OPEN_AVAILABLE
2019-12-31,2018-11-30,2019-11-29,2020-01-01,50,50,5,BAJFINANCE|BPCL|BAJAJFINSV|ICICIBANK|BHARTIARTL,,PASS,TOP_N_RANKING_AND_EXECUTION_OPEN_AVAILABLE
2020-03-31,2019-02-28,2020-02-28,2020-04-01,50,50,5,BAJFINANCE|BHARTIARTL|NESTLEIND|ICICIBANK|BAJAJFINSV,,PASS,TOP_N_RANKING_AND_EXECUTION_OPEN_AVAILABLE
2020-06-30,2019-05-31,2020-05-29,2020-07-01,50,50,5,BHARTIARTL|NESTLEIND|DRREDDY|ASIANPAINT|CIPLA,,PASS,TOP_N_RANKING_AND_EXECUTION_OPEN_AVAILABLE
2020-09-30,2019-08-30,2020-08-31,2020-10-01,50,50,5,DIVISLAB|DRREDDY|RELIANCE|CIPLA|BHARTIARTL,,PASS,TOP_N_RANKING_AND_EXECUTION_OPEN_AVAILABLE
2020-12-31,2019-11-29,2020-11-27,2021-01-01,50,50,5,DIVISLAB|DRREDDY|CIPLA|INFY|WIPRO,,PASS,TOP_N_RANKING_AND_EXECUTION_OPEN_AVAILABLE
2021-03-31,2020-02-28,2021-02-26,2021-04-01,50,50,5,TATAMOTORS|HINDALCO|ADANIPORTS|CIPLA|TATASTEEL,,PASS,TOP_N_RANKING_AND_EXECUTION_OPEN_AVAILABLE
2021-06-30,2020-05-29,2021-05-31,2021-07-01,50,50,5,JSWSTEEL|TATASTEEL|TATAMOTORS|BAJFINANCE|HINDALCO,,PASS,TOP_N_RANKING_AND_EXECUTION_OPEN_AVAILABLE
2021-09-30,2020-08-31,2021-08-31,2021-10-01,50,50,5,TATASTEEL|BAJAJFINSV|JSWSTEEL|HINDALCO|WIPRO,,PASS,TOP_N_RANKING_AND_EXECUTION_OPEN_AVAILABLE
2021-12-31,2020-11-27,2021-11-30,2022-01-03,50,50,5,TATAMOTORS|BAJAJFINSV|GRASIM|SBIN|TATASTEEL,,PASS,TOP_N_RANKING_AND_EXECUTION_OPEN_AVAILABLE
2022-03-31,2021-02-26,2022-02-28,2022-04-01,50,50,5,TITAN|TATASTEEL|HINDALCO|BAJAJFINSV|JSWSTEEL,,PASS,TOP_N_RANKING_AND_EXECUTION_OPEN_AVAILABLE
2022-06-30,2021-05-31,2022-05-31,2022-07-01,50,50,5,NTPC|TATAMOTORS|TITAN|ONGC|BHARTIARTL,,PASS,TOP_N_RANKING_AND_EXECUTION_OPEN_AVAILABLE
2022-09-30,2021-08-31,2022-08-30,2022-10-03,50,50,5,ADANIENT|M&M|TATAMOTORS|COALINDIA|ITC,,PASS,TOP_N_RANKING_AND_EXECUTION_OPEN_AVAILABLE
2022-12-30,2021-11-30,2022-11-30,2023-01-02,50,50,5,ADANIENT|M&M|ITC|COALINDIA|EICHERMOT,,PASS,TOP_N_RANKING_AND_EXECUTION_OPEN_AVAILABLE
2023-03-31,2022-02-28,2023-02-28,2023-04-03,50,50,5,ITC|M&M|BRITANNIA|NTPC|COALINDIA,,PASS,TOP_N_RANKING_AND_EXECUTION_OPEN_AVAILABLE
2023-06-30,2022-05-31,2023-05-31,2023-07-03,50,50,5,ITC|INDUSINDBK|AXISBANK|LT|EICHERMOT,,PASS,TOP_N_RANKING_AND_EXECUTION_OPEN_AVAILABLE
2023-09-29,2022-08-30,2023-08-31,2023-10-03,50,49,5,LT|ITC|NTPC|DRREDDY|AXISBANK,,PASS,TOP_N_RANKING_AND_EXECUTION_OPEN_AVAILABLE
2023-12-29,2022-11-30,2023-11-30,2024-01-01,50,49,5,BAJAJ-AUTO|TATAMOTORS|NTPC|COALINDIA|LT,,PASS,TOP_N_RANKING_AND_EXECUTION_OPEN_AVAILABLE
2024-03-28,2023-02-28,2024-02-29,2024-04-01,50,50,5,ADANIENT|TATAMOTORS|ADANIPORTS|BAJAJ-AUTO|COALINDIA,,PASS,TOP_N_RANKING_AND_EXECUTION_OPEN_AVAILABLE
2024-06-28,2023-05-31,2024-05-31,2024-07-01,50,50,5,NTPC|COALINDIA|BAJAJ-AUTO|ADANIPORTS|M&M,,PASS,TOP_N_RANKING_AND_EXECUTION_OPEN_AVAILABLE
2024-09-30,2023-08-31,2024-08-30,2024-10-01,50,50,5,TRENT|BAJAJ-AUTO|COALINDIA|BEL|ONGC,,PASS,TOP_N_RANKING_AND_EXECUTION_OPEN_AVAILABLE
2024-12-31,2023-11-30,2024-11-29,2025-01-01,50,50,5,TRENT|BEL|M&M|BHARTIARTL|POWERGRID,,PASS,TOP_N_RANKING_AND_EXECUTION_OPEN_AVAILABLE
2025-03-28,2024-02-29,2025-02-28,2025-04-01,50,49,5,BHARTIARTL|M&M|BAJFINANCE|HINDALCO|EICHERMOT,,PASS,TOP_N_RANKING_AND_EXECUTION_OPEN_AVAILABLE
2025-06-30,2024-05-31,2025-05-30,2025-07-01,50,49,5,HDFCLIFE|BAJFINANCE|BHARTIARTL|BAJAJFINSV|SBILIFE,,PASS,TOP_N_RANKING_AND_EXECUTION_OPEN_AVAILABLE
2025-09-30,2024-08-30,2025-08-29,2025-10-01,50,49,5,MAXHEALTH|BEL|EICHERMOT|MARUTI|BHARTIARTL,,PASS,TOP_N_RANKING_AND_EXECUTION_OPEN_AVAILABLE
