publication_date,effective_date,source_reference,official_source,publication_before_effective,status
2018-02-21,2018-04-02,ind_prs21022018.pdf,https://niftyindices.com/press-release,TRUE,PASS
2018-08-28,2018-09-28,ind_prs28082018.pdf,https://niftyindices.com/press-release,TRUE,PASS
2019-02-25,2019-03-29,ind_prs25022019.pdf,https://niftyindices.com/press-release,TRUE,PASS
2019-08-28,2019-09-27,ind_prs28082019.pdf,https://niftyindices.com/press-release,TRUE,PASS
2020-02-18,2020-03-27,ind_prs18022020.pdf,https://niftyindices.com/press-release,TRUE,PASS
2020-03-16,2020-03-19,ind_prs16032020.pdf,https://niftyindices.com/press-release,TRUE,PASS
2020-07-02,2020-07-31,ind_prs02072020_1.pdf,https://niftyindices.com/press-release,TRUE,PASS
2020-08-20,2020-09-25,ind_prs20082020.pdf,https://niftyindices.com/press-release,TRUE,PASS
2021-02-23,2021-03-31,ind_prs23022021.pdf,https://niftyindices.com/press-release,TRUE,PASS
2022-02-24,2022-03-31,ind_prs24022022_1.pdf,https://niftyindices.com/press-release,TRUE,PASS
2022-09-01,2022-09-30,ind_prs01092022.pdf,https://niftyindices.com/press-release,TRUE,PASS
2023-07-04,2023-07-13,ind_prs04072023.pdf,https://niftyindices.com/press-release,TRUE,PASS
2024-02-28,2024-03-28,ind_prs28022024.pdf,https://niftyindices.com/press-release,TRUE,PASS
2024-08-23,2024-09-30,ind_prs23082024.pdf,https://niftyindices.com/press-release,TRUE,PASS
2025-02-21,2025-03-28,ind_prs21022025.pdf,https://niftyindices.com/press-release,TRUE,PASS
2025-08-22,2025-09-30,ind_prs22082025.pdf,https://niftyindices.com/press-release,TRUE,PASS
