rebalance_date,execution_date,rank,symbol,momentum_raw_unadjusted,execution_price,price_basis
2018-03-28,2018-04-02,1,HINDUNILVR,0.5218270008084074,1315.0,RAW_UNADJUSTED
2018-03-28,2018-04-02,2,MARUTI,0.49446179822710024,8990.0,RAW_UNADJUSTED
2018-03-28,2018-04-02,3,BAJFINANCE,0.4801028695181375,1769.0,RAW_UNADJUSTED
2018-03-28,2018-04-02,4,IBULHSGFIN,0.43934350969815217,1249.0,RAW_UNADJUSTED
2018-03-28,2018-04-02,5,TATASTEEL,0.39134037704578417,573.1,RAW_UNADJUSTED
2018-06-29,2018-07-02,1,TITAN,0.8953463887134134,883.1,RAW_UNADJUSTED
2018-06-29,2018-07-02,2,TECHM,0.8265384615384617,657.95,RAW_UNADJUSTED
2018-06-29,2018-07-02,3,BAJFINANCE,0.5900373035909416,2300.0,RAW_UNADJUSTED
2018-06-29,2018-07-02,4,HINDUNILVR,0.5102624179943769,1640.9,RAW_UNADJUSTED
2018-06-29,2018-07-02,5,BAJAJFINSV,0.44137643129771,5860.0,RAW_UNADJUSTED
2018-09-28,2018-10-01,1,TECHM,0.7886254817236951,749.0,RAW_UNADJUSTED
2018-09-28,2018-10-01,2,BAJFINANCE,0.6031202648857958,2168.0,RAW_UNADJUSTED
2018-09-28,2018-10-01,3,INFY,0.5750587463795833,737.5,RAW_UNADJUSTED
2018-09-28,2018-10-01,4,JSWSTEEL,0.5579795597484278,375.0,RAW_UNADJUSTED
2018-09-28,2018-10-01,5,HINDUNILVR,0.45939741750358665,1606.5,RAW_UNADJUSTED
2018-12-31,2019-01-01,1,BAJFINANCE,0.4693842100691932,2645.0,RAW_UNADJUSTED
2018-12-31,2019-01-01,2,TECHM,0.44292284108329083,715.0,RAW_UNADJUSTED
2018-12-31,2019-01-01,3,HINDUNILVR,0.3784431608314669,1824.8,RAW_UNADJUSTED
2018-12-31,2019-01-01,4,RELIANCE,0.2669415658401606,1125.25,RAW_UNADJUSTED
2018-12-31,2019-01-01,5,KOTAKBANK,0.23357992602219335,1254.0,RAW_UNADJUSTED
2019-03-29,2019-04-01,1,BAJFINANCE,0.6149977137631459,3030.2,RAW_UNADJUSTED
2019-03-29,2019-04-01,2,TECHM,0.35501509834326295,782.85,RAW_UNADJUSTED
2019-03-29,2019-04-01,3,AXISBANK,0.3419385342789598,780.95,RAW_UNADJUSTED
2019-03-29,2019-04-01,4,HINDUNILVR,0.3148548662492887,1710.0,RAW_UNADJUSTED
2019-03-29,2019-04-01,5,RELIANCE,0.28966528730815577,1370.0,RAW_UNADJUSTED
2019-06-28,2019-07-01,1,BAJFINANCE,0.643253234750462,3688.7,RAW_UNADJUSTED
2019-06-28,2019-07-01,2,ICICIBANK,0.48250524842547216,439.5,RAW_UNADJUSTED
2019-06-28,2019-07-01,3,AXISBANK,0.4806741161384869,810.75,RAW_UNADJUSTED
2019-06-28,2019-07-01,4,RELIANCE,0.44369674933521464,1258.05,RAW_UNADJUSTED
2019-06-28,2019-07-01,5,UPL,0.411743923120407,945.0,RAW_UNADJUSTED
2019-09-30,2019-10-01,1,TITAN,0.239040251149232,1282.0,RAW_UNADJUSTED
2019-09-30,2019-10-01,2,ICICIBANK,0.19570928196147097,436.95,RAW_UNADJUSTED
2019-09-30,2019-10-01,3,ASIANPAINT,0.17760209843710162,1768.95,RAW_UNADJUSTED
2019-09-30,2019-10-01,4,BAJFINANCE,0.1665966533641392,4080.0,RAW_UNADJUSTED
2019-09-30,2019-10-01,5,HDFC,0.11906299232934714,1988.0,RAW_UNADJUSTED
2019-12-31,2020-01-01,1,BAJFINANCE,0.605469519643772,4237.8,RAW_UNADJUSTED
2019-12-31,2020-01-01,2,BPCL,0.5769112207151665,492.0,RAW_UNADJUSTED
2019-12-31,2020-01-01,3,BAJAJFINSV,0.5198061507919958,9420.0,RAW_UNADJUSTED
2019-12-31,2020-01-01,4,ICICIBANK,0.443333802618612,539.9,RAW_UNADJUSTED
2019-12-31,2020-01-01,5,BHARTIARTL,0.41132376395534287,456.05,RAW_UNADJUSTED
2020-03-31,2020-04-01,1,BAJFINANCE,0.6858625896564743,2180.0,RAW_UNADJUSTED
2020-03-31,2020-04-01,2,BHARTIARTL,0.6459676151548499,440.0,RAW_UNADJUSTED
2020-03-31,2020-04-01,3,NESTLEIND,0.48300946920745313,16300.25,RAW_UNADJUSTED
2020-03-31,2020-04-01,4,ICICIBANK,0.4201056689990006,319.0,RAW_UNADJUSTED
2020-03-31,2020-04-01,5,BAJAJFINSV,0.4005137370501899,4560.0,RAW_UNADJUSTED
2020-06-30,2020-07-01,1,BHARTIARTL,0.5842889908256881,575.0,RAW_UNADJUSTED
2020-06-30,2020-07-01,2,NESTLEIND,0.5255390020959985,17205.0,RAW_UNADJUSTED
2020-06-30,2020-07-01,3,DRREDDY,0.5200589915433009,3965.2,RAW_UNADJUSTED
2020-06-30,2020-07-01,4,ASIANPAINT,0.19597811411923538,1698.0,RAW_UNADJUSTED
2020-06-30,2020-07-01,5,CIPLA,0.15979243088485284,642.6,RAW_UNADJUSTED
2020-09-30,2020-10-01,1,DIVISLAB,0.9212501538082933,3060.0,RAW_UNADJUSTED
2020-09-30,2020-10-01,2,DRREDDY,0.6675268817204301,5225.0,RAW_UNADJUSTED
2020-09-30,2020-10-01,3,RELIANCE,0.6664931320331584,2263.8,RAW_UNADJUSTED
2020-09-30,2020-10-01,4,CIPLA,0.5103185522277489,779.8,RAW_UNADJUSTED
2020-09-30,2020-10-01,5,BHARTIARTL,0.479527104959631,426.0,RAW_UNADJUSTED
2020-12-31,2021-01-01,1,DIVISLAB,1.0183070204904263,3839.0,RAW_UNADJUSTED
2020-12-31,2021-01-01,2,DRREDDY,0.6572404207491807,5217.25,RAW_UNADJUSTED
2020-12-31,2021-01-01,3,CIPLA,0.5976001714163275,822.8,RAW_UNADJUSTED
2020-12-31,2021-01-01,4,INFY,0.5796653981474833,1257.9,RAW_UNADJUSTED
2020-12-31,2021-01-01,5,WIPRO,0.47454774926377796,385.05,RAW_UNADJUSTED
2021-03-31,2021-04-01,1,TATAMOTORS,1.5044590926715782,306.75,RAW_UNADJUSTED
2021-03-31,2021-04-01,2,HINDALCO,1.1824887748556767,329.75,RAW_UNADJUSTED
2021-03-31,2021-04-01,3,ADANIPORTS,0.9751607247223846,713.5,RAW_UNADJUSTED
2021-03-31,2021-04-01,4,CIPLA,0.9573489181795571,819.5,RAW_UNADJUSTED
2021-03-31,2021-04-01,5,TATASTEEL,0.8733464309102816,821.0,RAW_UNADJUSTED
2021-06-30,2021-07-01,1,JSWSTEEL,2.8593919652551576,687.8,RAW_UNADJUSTED
2021-06-30,2021-07-01,2,TATASTEEL,2.813177506775068,1171.9,RAW_UNADJUSTED
2021-06-30,2021-07-01,3,TATAMOTORS,2.663793103448276,341.5,RAW_UNADJUSTED
2021-06-30,2021-07-01,4,BAJFINANCE,1.8807360581475696,6040.0,RAW_UNADJUSTED
2021-06-30,2021-07-01,5,HINDALCO,1.8393950306085705,372.3,RAW_UNADJUSTED
2021-09-30,2021-10-01,1,TATASTEEL,2.511501210653753,1275.0,RAW_UNADJUSTED
2021-09-30,2021-10-01,2,BAJAJFINSV,1.7702391625675444,17736.05,RAW_UNADJUSTED
2021-09-30,2021-10-01,3,JSWSTEEL,1.548554484803558,660.0,RAW_UNADJUSTED
2021-09-30,2021-10-01,4,HINDALCO,1.527935222672065,483.1,RAW_UNADJUSTED
2021-09-30,2021-10-01,5,WIPRO,1.3625138223368967,634.8,RAW_UNADJUSTED
2021-12-31,2022-01-03,1,TATAMOTORS,1.542833379539784,493.5,RAW_UNADJUSTED
2021-12-31,2022-01-03,2,BAJAJFINSV,0.9680036078001553,16406.5,RAW_UNADJUSTED
2021-12-31,2022-01-03,3,GRASIM,0.8983157293748216,1629.75,RAW_UNADJUSTED
2021-12-31,2022-01-03,4,SBIN,0.8855680655066531,462.0,RAW_UNADJUSTED
2021-12-31,2022-01-03,5,TATASTEEL,0.8553736901359661,1115.0,RAW_UNADJUSTED
2022-03-31,2022-04-01,1,TITAN,0.8100433577368682,2538.0,RAW_UNADJUSTED
2022-03-31,2022-04-01,2,TATASTEEL,0.7069845486960777,1310.0,RAW_UNADJUSTED
2022-03-31,2022-04-01,3,HINDALCO,0.68626010286554,569.9,RAW_UNADJUSTED
2022-03-31,2022-04-01,4,BAJAJFINSV,0.6595723731940384,17030.0,RAW_UNADJUSTED
2022-03-31,2022-04-01,5,JSWSTEEL,0.5866734100391959,735.0,RAW_UNADJUSTED
2022-06-30,2022-07-01,1,NTPC,0.41176470588235303,142.0,RAW_UNADJUSTED
2022-06-30,2022-07-01,2,TATAMOTORS,0.3915294117647059,410.65,RAW_UNADJUSTED
2022-06-30,2022-07-01,3,TITAN,0.38825371965544253,1895.0,RAW_UNADJUSTED
2022-06-30,2022-07-01,4,ONGC,0.3308402991641002,148.95,RAW_UNADJUSTED
2022-06-30,2022-07-01,5,BHARTIARTL,0.3090297251822771,684.85,RAW_UNADJUSTED
2022-09-30,2022-10-03,1,ADANIENT,1.0120622323003277,3440.0,RAW_UNADJUSTED
2022-09-30,2022-10-03,2,M&M,0.6496911634942646,1269.95,RAW_UNADJUSTED
2022-09-30,2022-10-03,3,TATAMOTORS,0.6397493908806127,405.5,RAW_UNADJUSTED
2022-09-30,2022-10-03,4,COALINDIA,0.6098731573534455,213.0,RAW_UNADJUSTED
2022-09-30,2022-10-03,5,ITC,0.5168007572172266,332.9,RAW_UNADJUSTED
2022-12-30,2023-01-02,1,ADANIENT,1.35613555041044,3870.0,RAW_UNADJUSTED
2022-12-30,2023-01-02,2,M&M,0.5626570915619389,1251.0,RAW_UNADJUSTED
2022-12-30,2023-01-02,3,ITC,0.5374180420529053,330.9,RAW_UNADJUSTED
2022-12-30,2023-01-02,4,COALINDIA,0.4950657894736843,226.75,RAW_UNADJUSTED
2022-12-30,2023-01-02,5,EICHERMOT,0.46997405555907124,3227.0,RAW_UNADJUSTED
2023-03-31,2023-04-03,1,ITC,0.7451934213574241,384.0,RAW_UNADJUSTED
2023-03-31,2023-04-03,2,M&M,0.6053613200986279,1161.3,RAW_UNADJUSTED
2023-03-31,2023-04-03,3,BRITANNIA,0.3017695371194329,4344.0,RAW_UNADJUSTED
2023-03-31,2023-04-03,4,NTPC,0.27715355805243447,175.6,RAW_UNADJUSTED
2023-03-31,2023-04-03,5,COALINDIA,0.27042170451194325,214.1,RAW_UNADJUSTED
2023-06-30,2023-07-03,1,ITC,0.6460373175688159,451.6,RAW_UNADJUSTED
2023-06-30,2023-07-03,2,INDUSINDBK,0.38217757963151944,1379.95,RAW_UNADJUSTED
2023-06-30,2023-07-03,3,AXISBANK,0.3351576182136602,990.0,RAW_UNADJUSTED
2023-06-30,2023-07-03,4,LT,0.333121789060139,2478.2,RAW_UNADJUSTED
2023-06-30,2023-07-03,5,EICHERMOT,0.3204890766879438,3590.95,RAW_UNADJUSTED
2023-09-29,2023-10-03,1,LT,0.40582574772431723,3040.5,RAW_UNADJUSTED
2023-09-29,2023-10-03,2,ITC,0.37191887675507007,441.0,RAW_UNADJUSTED
2023-09-29,2023-10-03,3,NTPC,0.34329268292682924,244.35,RAW_UNADJUSTED
2023-09-29,2023-10-03,4,DRREDDY,0.32103273224108086,5586.9,RAW_UNADJUSTED
2023-09-29,2023-10-03,5,AXISBANK,0.2954091816367266,1035.0,RAW_UNADJUSTED
2023-12-29,2024-01-01,1,BAJAJ-AUTO,0.6238435492041488,6770.0,RAW_UNADJUSTED
2023-12-29,2024-01-01,2,TATAMOTORS,0.6076467910787438,785.0,RAW_UNADJUSTED
2023-12-29,2024-01-01,3,NTPC,0.5174216027874565,312.0,RAW_UNADJUSTED
2023-12-29,2024-01-01,4,COALINDIA,0.5056105610561055,377.8,RAW_UNADJUSTED
2023-12-29,2024-01-01,5,LT,0.4985179651541074,3538.0,RAW_UNADJUSTED
2024-03-28,2024-04-01,1,ADANIENT,1.4089159365032815,3230.2,RAW_UNADJUSTED
2024-03-28,2024-04-01,2,TATAMOTORS,1.2586165913952936,1000.0,RAW_UNADJUSTED
2024-03-28,2024-04-01,3,ADANIPORTS,1.2288800742678707,1356.8,RAW_UNADJUSTED
2024-03-28,2024-04-01,4,BAJAJ-AUTO,1.1603162897410688,9194.8,RAW_UNADJUSTED
2024-03-28,2024-04-01,5,COALINDIA,1.0273909006499533,436.7,RAW_UNADJUSTED
2024-06-28,2024-07-01,1,NTPC,1.0649985619787175,381.75,RAW_UNADJUSTED
2024-06-28,2024-07-01,2,COALINDIA,1.036062176165803,473.35,RAW_UNADJUSTED
2024-06-28,2024-07-01,3,BAJAJ-AUTO,0.9891507833112556,9505.0,RAW_UNADJUSTED
2024-06-28,2024-07-01,4,ADANIPORTS,0.945455775867903,1483.0,RAW_UNADJUSTED
2024-06-28,2024-07-01,5,M&M,0.9001137225170583,2841.0,RAW_UNADJUSTED
2024-09-30,2024-10-01,1,TRENT,2.4944596309674902,7600.0,RAW_UNADJUSTED
2024-09-30,2024-10-01,2,BAJAJ-AUTO,1.3606463219038534,12414.25,RAW_UNADJUSTED
2024-09-30,2024-10-01,3,COALINDIA,1.2818952401651815,512.0,RAW_UNADJUSTED
2024-09-30,2024-10-01,4,BEL,1.2469969969969972,285.1,RAW_UNADJUSTED
2024-09-30,2024-10-01,5,ONGC,0.8992248062015504,297.0,RAW_UNADJUSTED
2024-12-31,2025-01-01,1,TRENT,1.4382490132759238,7121.0,RAW_UNADJUSTED
2024-12-31,2025-01-01,2,BEL,1.1110349554489374,293.15,RAW_UNADJUSTED
2024-12-31,2025-01-01,3,M&M,0.8000910332271278,3007.1,RAW_UNADJUSTED
2024-12-31,2025-01-01,4,BHARTIARTL,0.6035774120429684,1593.0,RAW_UNADJUSTED
2024-12-31,2025-01-01,5,POWERGRID,0.576453697056712,308.7,RAW_UNADJUSTED
2025-03-28,2025-04-01,1,BHARTIARTL,0.39778341567632536,1715.0,RAW_UNADJUSTED
2025-03-28,2025-04-01,2,M&M,0.33776650796936436,2652.8,RAW_UNADJUSTED
2025-03-28,2025-04-01,3,BAJFINANCE,0.31329335601622676,8783.3,RAW_UNADJUSTED
2025-03-28,2025-04-01,4,HINDALCO,0.25900565644537066,672.0,RAW_UNADJUSTED
2025-03-28,2025-04-01,5,EICHERMOT,0.2587279822803503,5365.55,RAW_UNADJUSTED
2025-06-30,2025-07-01,1,HDFCLIFE,0.4128398654178411,814.3,RAW_UNADJUSTED
2025-06-30,2025-07-01,2,BAJFINANCE,0.3706944174865998,932.5,RAW_UNADJUSTED
2025-06-30,2025-07-01,3,BHARTIARTL,0.3521762884720452,2009.0,RAW_UNADJUSTED
2025-06-30,2025-07-01,4,BAJAJFINSV,0.31976972393039405,2055.1,RAW_UNADJUSTED
2025-06-30,2025-07-01,5,SBILIFE,0.3071263704558569,1831.0,RAW_UNADJUSTED
2025-09-30,2025-10-01,1,MAXHEALTH,0.33839642877847975,1119.7,RAW_UNADJUSTED
2025-09-30,2025-10-01,2,BEL,0.2342131640494487,402.0,RAW_UNADJUSTED
2025-09-30,2025-10-01,3,EICHERMOT,0.23031952424150792,7000.0,RAW_UNADJUSTED
2025-09-30,2025-10-01,4,MARUTI,0.19253406433927278,16026.0,RAW_UNADJUSTED
2025-09-30,2025-10-01,5,BHARTIARTL,0.18863471885717886,1868.0,RAW_UNADJUSTED
