capital,rebalance_date,selected_count,unbuyable_count,cash_after_allocation,cash_pct,mean_abs_weight_deviation,max_abs_weight_deviation,status
20000,2018-03-28,5,1,5331.4,0.26657,0.05331400000000001,0.2,PASS
20000,2018-06-29,5,1,6938.1,0.3469049999999999,0.069381,0.2,PASS
20000,2018-09-28,5,0,3436.5,0.171825,0.034365000000000014,0.09160000000000001,PASS
20000,2018-12-31,5,0,2992.65,0.14963250000000008,0.029926500000000012,0.06775,PASS
20000,2019-03-29,5,0,2990.8,0.14953999999999995,0.029908000000000007,0.063,PASS
20000,2019-06-28,5,0,1558.65,0.07793250000000007,0.01558650000000002,0.03785000000000002,PASS
20000,2019-09-30,5,1,4707.55,0.23537750000000005,0.04707550000000001,0.2,PASS
20000,2019-12-31,5,2,8636.3,0.43181500000000006,0.08636300000000001,0.2,PASS
20000,2020-03-31,5,2,10032.0,0.5016,0.10032,0.2,PASS
20000,2020-06-30,5,1,5333.2,0.26665999999999995,0.05333200000000001,0.2,PASS
20000,2020-09-30,5,1,6943.2,0.34716,0.06943200000000001,0.2,PASS
20000,2020-12-31,5,1,5245.6,0.26228,0.052456000000000017,0.2,PASS
20000,2021-03-31,5,0,1925.75,0.0962875,0.01925750000000001,0.03610000000000002,PASS
20000,2021-06-30,5,1,5565.8,0.27829,0.055658000000000006,0.2,PASS
20000,2021-09-30,5,1,4541.4,0.22707000000000008,0.045414,0.2,PASS
20000,2021-12-31,5,1,5751.5,0.287575,0.057515000000000004,0.2,PASS
20000,2022-03-31,5,1,5867.7,0.29338500000000006,0.058677000000000014,0.2,PASS
20000,2022-06-30,5,0,1241.2,0.06206000000000004,0.012412000000000012,0.02878750000000002,PASS
20000,2022-09-30,5,0,1271.85,0.06359249999999993,0.012718500000000016,0.028000000000000025,PASS
20000,2022-12-30,5,0,1324.45,0.06622250000000003,0.01324450000000001,0.03865000000000002,PASS
20000,2023-03-31,5,1,4959.1,0.24795500000000012,0.04959100000000001,0.2,PASS
20000,2023-06-30,5,0,3598.15,0.1799074999999999,0.03598150000000001,0.07609000000000002,PASS
20000,2023-09-29,5,1,5975.9,0.298795,0.05975900000000002,0.2,PASS
20000,2023-12-29,5,1,5015.0,0.25075,0.05015000000000001,0.2,PASS
20000,2024-03-28,5,1,6125.9,0.3062950000000001,0.06125900000000002,0.2,PASS
20000,2024-06-28,5,1,6588.7,0.32943500000000003,0.065887,0.2,PASS
20000,2024-09-30,5,2,8563.6,0.42817999999999995,0.085636,0.2,PASS
20000,2024-12-31,5,1,6291.55,0.31457750000000007,0.06291550000000003,0.2,PASS
20000,2025-03-28,5,2,10557.2,0.52786,0.105572,0.2,PASS
20000,2025-06-30,5,0,5286.7,0.26433499999999993,0.05286700000000001,0.09955000000000001,PASS
20000,2025-09-30,5,2,9286.9,0.464345,0.09286900000000001,0.2,PASS
25000,2018-03-28,5,1,7936.2,0.317448,0.06348960000000001,0.2,PASS
25000,2018-06-29,5,1,6456.15,0.2582459999999999,0.05164919999999999,0.2,PASS
25000,2018-09-28,5,0,2050.5,0.08202,0.01640400000000001,0.02656,PASS
25000,2018-12-31,5,0,6152.4,0.24609600000000006,0.049219200000000005,0.0942,PASS
25000,2019-03-29,5,0,5057.0,0.20228,0.040456000000000006,0.07879200000000001,PASS
25000,2019-06-28,5,0,3113.15,0.12452600000000005,0.024905200000000016,0.052452000000000026,PASS
25000,2019-09-30,5,0,4753.65,0.19014600000000006,0.03802920000000001,0.05848400000000001,PASS
25000,2019-12-31,5,1,6422.6,0.2569040000000001,0.05138080000000002,0.2,PASS
25000,2020-03-31,5,1,6455.0,0.2582,0.05164000000000002,0.2,PASS
25000,2020-06-30,5,1,8540.6,0.3416239999999999,0.0683248,0.2,PASS
25000,2020-09-30,5,1,8047.6,0.32190399999999997,0.06438080000000002,0.2,PASS
25000,2020-12-31,5,1,7829.9,0.3131960000000001,0.0626392,0.2,PASS
25000,2021-03-31,5,0,308.25,0.01233,0.0024660000000000125,0.0036800000000000166,PASS
25000,2021-06-30,5,1,5876.9,0.23507599999999992,0.047015200000000014,0.2,PASS
25000,2021-09-30,5,1,7280.4,0.2912160000000001,0.058243200000000016,0.2,PASS
25000,2021-12-31,5,1,6095.75,0.24383,0.04876600000000002,0.2,PASS
25000,2022-03-31,5,1,9562.8,0.38251199999999996,0.07650240000000001,0.2,PASS
25000,2022-06-30,5,0,1602.9,0.06411600000000006,0.012823200000000017,0.0484,PASS
25000,2022-09-30,5,0,2991.65,0.11966600000000006,0.02393320000000001,0.06240000000000001,PASS
25000,2022-12-30,5,0,4198.0,0.16792,0.03358400000000002,0.07092000000000001,PASS
25000,2023-03-31,5,0,1177.7,0.04710800000000003,0.009421600000000007,0.026240000000000013,PASS
25000,2023-06-30,5,0,2395.2,0.09580800000000003,0.019161600000000008,0.05636200000000002,PASS
25000,2023-09-29,5,1,8081.5,0.32326,0.06465200000000002,0.2,PASS
25000,2023-12-29,5,1,6848.6,0.27394399999999997,0.054788800000000006,0.2,PASS
25000,2024-03-28,5,1,7895.7,0.31582800000000005,0.06316560000000002,0.2,PASS
25000,2024-06-28,5,1,8013.75,0.32055,0.06411000000000001,0.2,PASS
25000,2024-09-30,5,2,10793.3,0.43173199999999995,0.0863464,0.2,PASS
25000,2024-12-31,5,1,7291.15,0.29164600000000007,0.05832920000000001,0.2,PASS
25000,2025-03-28,5,2,14213.2,0.568528,0.1137056,0.2,PASS
25000,2025-06-30,5,0,3661.5,0.14646,0.02929200000000002,0.05352000000000001,PASS
25000,2025-09-30,5,2,11961.2,0.47844800000000004,0.09568960000000001,0.2,PASS
50000,2018-03-28,5,0,3225.3,0.06450600000000006,0.012901200000000007,0.02310000000000001,PASS
50000,2018-06-29,5,0,5511.25,0.110225,0.022045000000000002,0.08280000000000001,PASS
50000,2018-09-28,5,0,2614.5,0.05229,0.010458000000000005,0.02656,PASS
50000,2018-12-31,5,0,5866.0,0.11732,0.023464000000000006,0.0413,PASS
50000,2019-03-29,5,0,4003.8,0.08007600000000006,0.0160152,0.028999999999999998,PASS
50000,2019-06-28,5,0,4968.25,0.099365,0.019873000000000012,0.052452000000000026,PASS
50000,2019-09-30,5,0,4468.35,0.08936699999999997,0.01787340000000001,0.0368,PASS
50000,2019-12-31,5,0,2969.15,0.059383000000000026,0.01187660000000001,0.030488000000000015,PASS
50000,2020-03-31,5,1,12591.0,0.25182,0.050364000000000006,0.2,PASS
50000,2020-06-30,5,1,14165.6,0.28331199999999995,0.0566624,0.2,PASS
50000,2020-09-30,5,0,7384.2,0.14768399999999995,0.02953680000000002,0.09550000000000002,PASS
50000,2020-12-31,5,0,8799.6,0.17599199999999998,0.03519840000000001,0.09565500000000002,PASS
50000,2021-03-31,5,0,616.5,0.01233,0.0024660000000000125,0.0036800000000000166,PASS
50000,2021-06-30,5,0,5372.3,0.10744599999999992,0.02148920000000001,0.0792,PASS
50000,2021-09-30,5,1,11991.0,0.23982,0.047964000000000014,0.2,PASS
50000,2021-12-31,5,1,11729.5,0.23459,0.046918000000000015,0.2,PASS
50000,2022-03-31,5,1,13972.7,0.2794539999999999,0.05589080000000002,0.2,PASS
50000,2022-06-30,5,0,1161.85,0.02323699999999997,0.0046474000000000185,0.01050000000000001,PASS
50000,2022-09-30,5,0,4713.35,0.09426699999999998,0.01885340000000001,0.06240000000000001,PASS
50000,2022-12-30,5,0,3918.0,0.07836,0.01567200000000002,0.04520000000000002,PASS
50000,2023-03-31,5,0,2355.4,0.04710800000000003,0.009421600000000007,0.026240000000000013,PASS
50000,2023-06-30,5,0,3410.45,0.06820900000000009,0.01364180000000001,0.05636200000000002,PASS
50000,2023-09-29,5,0,6500.6,0.13001199999999996,0.026002400000000016,0.08826200000000002,PASS
50000,2023-12-29,5,0,6927.2,0.13854399999999994,0.027708800000000006,0.06460000000000002,PASS
50000,2024-03-28,5,0,2009.6,0.04019199999999997,0.008038400000000018,0.016104000000000035,PASS
50000,2024-06-28,5,0,3208.15,0.06416300000000003,0.01283260000000001,0.02954000000000001,PASS
50000,2024-09-30,5,1,12892.5,0.25785,0.051570000000000005,0.2,PASS
50000,2024-12-31,5,0,4454.2,0.0890840000000001,0.01781680000000003,0.05758000000000002,PASS
50000,2025-03-28,5,0,9909.75,0.198195,0.039639000000000015,0.09268900000000001,PASS
50000,2025-06-30,5,0,5492.0,0.10984,0.021968000000000015,0.03928000000000001,PASS
50000,2025-09-30,5,1,15054.4,0.301088,0.0602176,0.2,PASS
100000,2018-03-28,5,0,3366.6,0.03366600000000006,0.006733200000000006,0.020200000000000023,PASS
100000,2018-06-29,5,0,5162.5,0.051625,0.010325,0.0242,PASS
100000,2018-09-28,5,0,1948.5,0.019485,0.0038970000000000116,0.007220000000000004,PASS
100000,2018-12-31,5,0,5992.75,0.0599275,0.01198550000000001,0.017520000000000008,PASS
100000,2019-03-29,5,0,4733.8,0.047338000000000026,0.009467600000000015,0.018188000000000037,PASS
100000,2019-06-28,5,0,3605.25,0.0360525,0.007210500000000014,0.015565000000000023,PASS
100000,2019-09-30,5,0,5448.8,0.05448800000000003,0.010897600000000007,0.0368,PASS
100000,2019-12-31,5,0,4942.35,0.04942350000000006,0.009884700000000007,0.030488000000000015,PASS
100000,2020-03-31,5,0,6261.75,0.0626175,0.012523500000000003,0.036997500000000016,PASS
100000,2020-06-30,5,0,4820.4,0.04820399999999994,0.009640800000000005,0.027950000000000003,PASS
100000,2020-09-30,5,0,8763.6,0.08763600000000006,0.017527200000000003,0.04325000000000001,PASS
100000,2020-12-31,5,0,6900.0,0.069,0.013800000000000017,0.04348250000000001,PASS
100000,2021-03-31,5,0,926.25,0.0092625,0.0018525000000000126,0.0033200000000000174,PASS
100000,2021-06-30,5,0,2472.6,0.024726000000000057,0.0049452000000000055,0.01880000000000001,PASS
100000,2021-09-30,5,0,3853.05,0.038530499999999884,0.007706100000000005,0.022639500000000007,PASS
100000,2021-12-31,5,0,5475.5,0.054755,0.010951000000000016,0.03593500000000002,PASS
100000,2022-03-31,5,0,5762.5,0.057625,0.011525000000000007,0.029700000000000004,PASS
100000,2022-06-30,5,0,1638.85,0.01638850000000006,0.003277700000000011,0.01050000000000001,PASS
100000,2022-09-30,5,0,4098.25,0.0409825,0.008196500000000013,0.028000000000000025,PASS
100000,2022-12-30,5,0,2715.0,0.02715,0.005430000000000013,0.01235,PASS
100000,2023-03-31,5,0,3159.8,0.03159800000000003,0.00631960000000002,0.026240000000000013,PASS
100000,2023-06-30,5,0,3229.95,0.03229950000000012,0.006459900000000007,0.020452500000000012,PASS
100000,2023-09-29,5,0,5693.95,0.056939500000000115,0.011387900000000024,0.03239300000000003,PASS
100000,2023-12-29,5,0,9531.4,0.09531399999999994,0.019062800000000008,0.06460000000000002,PASS
100000,2024-03-28,5,0,3582.5,0.035825,0.007165000000000016,0.016104000000000035,PASS
100000,2024-06-28,5,0,2092.3,0.02092300000000003,0.004184600000000016,0.00990000000000002,PASS
100000,2024-09-30,5,0,12561.75,0.1256175,0.02512350000000001,0.07585750000000001,PASS
100000,2024-12-31,5,0,8908.4,0.0890840000000001,0.01781680000000003,0.05758000000000002,PASS
100000,2025-03-28,5,0,9414.15,0.09414149999999995,0.018828300000000003,0.0390335,PASS
100000,2025-06-30,5,0,5987.4,0.05987400000000009,0.011974800000000018,0.019190000000000013,PASS
100000,2025-09-30,5,0,12561.1,0.12561100000000006,0.025122200000000004,0.06,PASS
500000,2018-03-28,5,0,2466.6,0.004933199999999954,0.0009866400000000052,0.0022199999999999998,PASS
500000,2018-06-29,5,0,3885.25,0.0077705,0.0015541000000000083,0.0030920000000000114,PASS
500000,2018-09-28,5,0,1739.5,0.003479,0.0006958000000000131,0.0008750000000000147,PASS
500000,2018-12-31,5,0,6122.8,0.012245599999999976,0.0024491200000000156,0.004270000000000024,PASS
500000,2019-03-29,5,0,2799.85,0.005599699999999953,0.001119940000000008,0.00272,PASS
500000,2019-06-28,5,0,2305.4,0.004610799999999931,0.0009221600000000163,0.0015500000000000236,PASS
500000,2019-09-30,5,0,3998.2,0.007996400000000023,0.0015992800000000141,0.004160000000000025,PASS
500000,2019-12-31,5,0,8698.15,0.01739629999999993,0.0034792600000000005,0.0116,PASS
500000,2020-03-31,5,0,8611.5,0.017223,0.0034446000000000086,0.008480000000000015,PASS
500000,2020-06-30,5,0,17283.0,0.034566,0.006913200000000013,0.027950000000000003,PASS
500000,2020-09-30,5,0,3699.4,0.0073988000000000465,0.0014797600000000133,0.004160000000000025,PASS
500000,2020-12-31,5,0,2397.4,0.00479479999999993,0.0009589600000000142,0.00174450000000001,PASS
500000,2021-03-31,5,0,1182.0,0.002364,0.0004728000000000121,0.0013180000000000136,PASS
500000,2021-06-30,5,0,4523.1,0.009046199999999954,0.0018092399999999954,0.006720000000000004,PASS
500000,2021-09-30,5,0,13027.55,0.026055100000000095,0.005211020000000011,0.022639500000000007,PASS
500000,2021-12-31,5,0,3432.25,0.0068645,0.0013729000000000102,0.0031220000000000137,PASS
500000,2022-03-31,5,0,16615.5,0.033231,0.0066462000000000136,0.029700000000000004,PASS
500000,2022-06-30,5,0,1770.5,0.003541,0.0007082000000000089,0.002920000000000006,PASS
500000,2022-09-30,5,0,1663.9,0.0033278000000000465,0.0006655600000000095,0.001887799999999995,PASS
500000,2022-12-30,5,0,7682.45,0.015364900000000023,0.0030729800000000194,0.006500000000000006,PASS
500000,2023-03-31,5,0,475.1,0.0009502000000000698,0.00019004000000001907,0.0003200000000000147,PASS
500000,2023-06-30,5,0,4766.35,0.009532699999999953,0.0019065400000000121,0.00608870000000003,PASS
500000,2023-09-29,5,0,8761.55,0.017523099999999976,0.0035046200000000195,0.010045400000000038,PASS
500000,2023-12-29,5,0,6881.8,0.013763599999999977,0.0027527200000000084,0.010440000000000005,PASS
500000,2024-03-28,5,0,12532.0,0.025064,0.005012800000000012,0.016104000000000007,PASS
500000,2024-06-28,5,0,6640.4,0.013280800000000047,0.002656160000000013,0.00990000000000002,PASS
500000,2024-09-30,5,0,2469.0,0.004938,0.0009876000000000051,0.0024000000000000132,PASS
500000,2024-12-31,5,0,2631.45,0.0052629000000000235,0.001052580000000014,0.002467999999999998,PASS
500000,2025-03-28,5,0,9724.2,0.019448399999999907,0.0038896800000000065,0.006840199999999991,PASS
500000,2025-06-30,5,0,4918.1,0.00983620000000007,0.0019672400000000146,0.0031180000000000097,PASS
500000,2025-09-30,5,0,7490.7,0.014981400000000023,0.0029962800000000065,0.007688,PASS
1000000,2018-03-28,5,0,3164.2,0.0031641999999999534,0.0006328400000000067,0.0022199999999999998,PASS
1000000,2018-06-29,5,0,5471.65,0.005471650000000023,0.0010943300000000045,0.0022000000000000075,PASS
1000000,2018-09-28,5,0,1617.5,0.0016175,0.00032350000000001545,0.0007940000000000169,PASS
1000000,2018-12-31,5,0,4681.55,0.0046815500000000464,0.000936310000000018,0.0016250000000000153,PASS
1000000,2019-03-29,5,0,3446.85,0.0034468500000000932,0.0006893700000000114,0.0016400000000000026,PASS
1000000,2019-06-28,5,0,3226.3,0.0032262999999999303,0.0006452600000000141,0.0012281000000000097,PASS
1000000,2019-09-30,5,0,1710.5,0.0017105,0.00034210000000001184,0.0012000000000000066,PASS
1000000,2019-12-31,5,0,3738.5,0.0037385,0.0007477000000000067,0.0021800000000000153,PASS
1000000,2020-03-31,5,0,10483.0,0.010483,0.0020966000000000097,0.004397000000000012,PASS
1000000,2020-06-30,5,0,14445.4,0.014445400000000023,0.002889080000000005,0.010745000000000005,PASS
1000000,2020-09-30,5,0,3912.8,0.003912800000000047,0.0007825600000000099,0.0014500000000000068,PASS
1000000,2020-12-31,5,0,3586.95,0.0035869499999999534,0.0007173900000000067,0.00174450000000001,PASS
1000000,2021-03-31,5,0,1236.25,0.00123625,0.00024725000000000994,0.0004969999999999974,PASS
1000000,2021-06-30,5,0,2292.4,0.0022924000000000234,0.00045848000000000557,0.0007769999999999722,PASS
1000000,2021-09-30,5,0,6541.15,0.006541149999999907,0.0013082300000000157,0.004903450000000031,PASS
1000000,2021-12-31,5,0,5256.0,0.005256,0.0010512000000000078,0.0031220000000000137,PASS
1000000,2022-03-31,5,0,16201.0,0.016201,0.003240200000000015,0.012670000000000015,PASS
1000000,2022-06-30,5,0,1235.35,0.0012353499999998602,0.00024707000000001036,0.0010249999999999981,PASS
1000000,2022-09-30,5,0,1652.35,0.0016523499999999767,0.0003304700000000105,0.0006178500000000031,PASS
1000000,2022-12-30,5,0,7016.9,0.007016900000000023,0.0014033800000000207,0.003153000000000017,PASS
1000000,2023-03-31,5,0,950.2,0.0009502000000000698,0.00019004000000001907,0.0003200000000000147,PASS
1000000,2023-06-30,5,0,5941.75,0.00594175,0.0011883500000000103,0.002497750000000021,PASS
1000000,2023-09-29,5,0,7419.7,0.007419699999999954,0.001483940000000017,0.004458500000000004,PASS
1000000,2023-12-29,5,0,6303.8,0.006303800000000047,0.0012607600000000053,0.0036700000000000066,PASS
1000000,2024-03-28,5,0,10845.5,0.010845500000000117,0.0021691000000000184,0.006909200000000032,PASS
1000000,2024-06-28,5,0,3394.05,0.0033940500000000464,0.0006788100000000074,0.0012780000000000014,PASS
1000000,2024-09-30,5,0,4355.9,0.004355900000000024,0.0008711800000000102,0.0024000000000000132,PASS
1000000,2024-12-31,5,0,3361.2,0.0033611999999999535,0.0006722400000000184,0.001531400000000016,PASS
1000000,2025-03-28,5,0,10758.05,0.010758050000000047,0.0021516100000000095,0.0067674000000000345,PASS
1000000,2025-06-30,5,0,3126.8,0.0031268000000000467,0.0006253600000000082,0.0011089999999999989,PASS
1000000,2025-09-30,5,0,12711.4,0.012711400000000024,0.002542280000000008,0.007688,PASS
