decision_date,execution_date,rank,symbol,momentum_raw_unadjusted,price_basis,execution_open_available,selection_status
2018-03-28,2018-04-02,1,HINDUNILVR,0.521827000808407,RAW_UNADJUSTED,True,PASS
2018-03-28,2018-04-02,2,MARUTI,0.4944617982271,RAW_UNADJUSTED,True,PASS
2018-03-28,2018-04-02,3,BAJFINANCE,0.480102869518138,RAW_UNADJUSTED,True,PASS
2018-03-28,2018-04-02,4,IBULHSGFIN,0.439343509698152,RAW_UNADJUSTED,True,PASS
2018-03-28,2018-04-02,5,TATASTEEL,0.391340377045784,RAW_UNADJUSTED,True,PASS
2018-06-29,2018-07-02,1,TITAN,0.895346388713413,RAW_UNADJUSTED,True,PASS
2018-06-29,2018-07-02,2,TECHM,0.826538461538462,RAW_UNADJUSTED,True,PASS
2018-06-29,2018-07-02,3,BAJFINANCE,0.590037303590942,RAW_UNADJUSTED,True,PASS
2018-06-29,2018-07-02,4,HINDUNILVR,0.510262417994377,RAW_UNADJUSTED,True,PASS
2018-06-29,2018-07-02,5,BAJAJFINSV,0.44137643129771,RAW_UNADJUSTED,True,PASS
2018-09-28,2018-10-01,1,TECHM,0.788625481723695,RAW_UNADJUSTED,True,PASS
2018-09-28,2018-10-01,2,BAJFINANCE,0.603120264885796,RAW_UNADJUSTED,True,PASS
2018-09-28,2018-10-01,3,INFY,0.575058746379583,RAW_UNADJUSTED,True,PASS
2018-09-28,2018-10-01,4,JSWSTEEL,0.557979559748428,RAW_UNADJUSTED,True,PASS
2018-09-28,2018-10-01,5,HINDUNILVR,0.459397417503587,RAW_UNADJUSTED,True,PASS
2018-12-31,2019-01-01,1,BAJFINANCE,0.469384210069193,RAW_UNADJUSTED,True,PASS
2018-12-31,2019-01-01,2,TECHM,0.442922841083291,RAW_UNADJUSTED,True,PASS
2018-12-31,2019-01-01,3,HINDUNILVR,0.378443160831467,RAW_UNADJUSTED,True,PASS
2018-12-31,2019-01-01,4,RELIANCE,0.266941565840161,RAW_UNADJUSTED,True,PASS
2018-12-31,2019-01-01,5,KOTAKBANK,0.233579926022193,RAW_UNADJUSTED,True,PASS
2019-03-29,2019-04-01,1,BAJFINANCE,0.614997713763146,RAW_UNADJUSTED,True,PASS
2019-03-29,2019-04-01,2,TECHM,0.355015098343263,RAW_UNADJUSTED,True,PASS
2019-03-29,2019-04-01,3,AXISBANK,0.34193853427896,RAW_UNADJUSTED,True,PASS
2019-03-29,2019-04-01,4,HINDUNILVR,0.314854866249289,RAW_UNADJUSTED,True,PASS
2019-03-29,2019-04-01,5,RELIANCE,0.289665287308156,RAW_UNADJUSTED,True,PASS
2019-06-28,2019-07-01,1,BAJFINANCE,0.643253234750462,RAW_UNADJUSTED,True,PASS
2019-06-28,2019-07-01,2,ICICIBANK,0.482505248425472,RAW_UNADJUSTED,True,PASS
2019-06-28,2019-07-01,3,AXISBANK,0.480674116138487,RAW_UNADJUSTED,True,PASS
2019-06-28,2019-07-01,4,RELIANCE,0.443696749335215,RAW_UNADJUSTED,True,PASS
2019-06-28,2019-07-01,5,UPL,0.411743923120407,RAW_UNADJUSTED,True,PASS
2019-09-30,2019-10-01,1,TITAN,0.239040251149232,RAW_UNADJUSTED,True,PASS
2019-09-30,2019-10-01,2,ICICIBANK,0.195709281961471,RAW_UNADJUSTED,True,PASS
2019-09-30,2019-10-01,3,ASIANPAINT,0.177602098437102,RAW_UNADJUSTED,True,PASS
2019-09-30,2019-10-01,4,BAJFINANCE,0.166596653364139,RAW_UNADJUSTED,True,PASS
2019-09-30,2019-10-01,5,HDFC,0.119062992329347,RAW_UNADJUSTED,True,PASS
2019-12-31,2020-01-01,1,BAJFINANCE,0.605469519643772,RAW_UNADJUSTED,True,PASS
2019-12-31,2020-01-01,2,BPCL,0.576911220715167,RAW_UNADJUSTED,True,PASS
2019-12-31,2020-01-01,3,BAJAJFINSV,0.519806150791996,RAW_UNADJUSTED,True,PASS
2019-12-31,2020-01-01,4,ICICIBANK,0.443333802618612,RAW_UNADJUSTED,True,PASS
2019-12-31,2020-01-01,5,BHARTIARTL,0.411323763955343,RAW_UNADJUSTED,True,PASS
2020-03-31,2020-04-01,1,BAJFINANCE,0.685862589656474,RAW_UNADJUSTED,True,PASS
2020-03-31,2020-04-01,2,BHARTIARTL,0.64596761515485,RAW_UNADJUSTED,True,PASS
2020-03-31,2020-04-01,3,NESTLEIND,0.483009469207453,RAW_UNADJUSTED,True,PASS
2020-03-31,2020-04-01,4,ICICIBANK,0.420105668999001,RAW_UNADJUSTED,True,PASS
2020-03-31,2020-04-01,5,BAJAJFINSV,0.40051373705019,RAW_UNADJUSTED,True,PASS
2020-06-30,2020-07-01,1,BHARTIARTL,0.584288990825688,RAW_UNADJUSTED,True,PASS
2020-06-30,2020-07-01,2,NESTLEIND,0.525539002095998,RAW_UNADJUSTED,True,PASS
2020-06-30,2020-07-01,3,DRREDDY,0.520058991543301,RAW_UNADJUSTED,True,PASS
2020-06-30,2020-07-01,4,ASIANPAINT,0.195978114119235,RAW_UNADJUSTED,True,PASS
2020-06-30,2020-07-01,5,CIPLA,0.159792430884853,RAW_UNADJUSTED,True,PASS
2020-09-30,2020-10-01,1,DIVISLAB,0.921250153808293,RAW_UNADJUSTED,True,PASS
2020-09-30,2020-10-01,2,DRREDDY,0.66752688172043,RAW_UNADJUSTED,True,PASS
2020-09-30,2020-10-01,3,RELIANCE,0.666493132033158,RAW_UNADJUSTED,True,PASS
2020-09-30,2020-10-01,4,CIPLA,0.510318552227749,RAW_UNADJUSTED,True,PASS
2020-09-30,2020-10-01,5,BHARTIARTL,0.479527104959631,RAW_UNADJUSTED,True,PASS
2020-12-31,2021-01-01,1,DIVISLAB,1.01830702049043,RAW_UNADJUSTED,True,PASS
2020-12-31,2021-01-01,2,DRREDDY,0.657240420749181,RAW_UNADJUSTED,True,PASS
2020-12-31,2021-01-01,3,CIPLA,0.597600171416327,RAW_UNADJUSTED,True,PASS
2020-12-31,2021-01-01,4,INFY,0.579665398147483,RAW_UNADJUSTED,True,PASS
2020-12-31,2021-01-01,5,WIPRO,0.474547749263778,RAW_UNADJUSTED,True,PASS
2021-03-31,2021-04-01,1,TATAMOTORS,1.50445909267158,RAW_UNADJUSTED,True,PASS
2021-03-31,2021-04-01,2,HINDALCO,1.18248877485568,RAW_UNADJUSTED,True,PASS
2021-03-31,2021-04-01,3,ADANIPORTS,0.975160724722385,RAW_UNADJUSTED,True,PASS
2021-03-31,2021-04-01,4,CIPLA,0.957348918179557,RAW_UNADJUSTED,True,PASS
2021-03-31,2021-04-01,5,TATASTEEL,0.873346430910282,RAW_UNADJUSTED,True,PASS
2021-06-30,2021-07-01,1,JSWSTEEL,2.85939196525516,RAW_UNADJUSTED,True,PASS
2021-06-30,2021-07-01,2,TATASTEEL,2.81317750677507,RAW_UNADJUSTED,True,PASS
2021-06-30,2021-07-01,3,TATAMOTORS,2.66379310344828,RAW_UNADJUSTED,True,PASS
2021-06-30,2021-07-01,4,BAJFINANCE,1.88073605814757,RAW_UNADJUSTED,True,PASS
2021-06-30,2021-07-01,5,HINDALCO,1.83939503060857,RAW_UNADJUSTED,True,PASS
2021-09-30,2021-10-01,1,TATASTEEL,2.51150121065375,RAW_UNADJUSTED,True,PASS
2021-09-30,2021-10-01,2,BAJAJFINSV,1.77023916256754,RAW_UNADJUSTED,True,PASS
2021-09-30,2021-10-01,3,JSWSTEEL,1.54855448480356,RAW_UNADJUSTED,True,PASS
2021-09-30,2021-10-01,4,HINDALCO,1.52793522267207,RAW_UNADJUSTED,True,PASS
2021-09-30,2021-10-01,5,WIPRO,1.3625138223369,RAW_UNADJUSTED,True,PASS
2021-12-31,2022-01-03,1,TATAMOTORS,1.54283337953978,RAW_UNADJUSTED,True,PASS
2021-12-31,2022-01-03,2,BAJAJFINSV,0.968003607800155,RAW_UNADJUSTED,True,PASS
2021-12-31,2022-01-03,3,GRASIM,0.898315729374822,RAW_UNADJUSTED,True,PASS
2021-12-31,2022-01-03,4,SBIN,0.885568065506653,RAW_UNADJUSTED,True,PASS
2021-12-31,2022-01-03,5,TATASTEEL,0.855373690135966,RAW_UNADJUSTED,True,PASS
2022-03-31,2022-04-01,1,TITAN,0.810043357736868,RAW_UNADJUSTED,True,PASS
2022-03-31,2022-04-01,2,TATASTEEL,0.706984548696078,RAW_UNADJUSTED,True,PASS
2022-03-31,2022-04-01,3,HINDALCO,0.68626010286554,RAW_UNADJUSTED,True,PASS
2022-03-31,2022-04-01,4,BAJAJFINSV,0.659572373194038,RAW_UNADJUSTED,True,PASS
2022-03-31,2022-04-01,5,JSWSTEEL,0.586673410039196,RAW_UNADJUSTED,True,PASS
2022-06-30,2022-07-01,1,NTPC,0.411764705882353,RAW_UNADJUSTED,True,PASS
2022-06-30,2022-07-01,2,TATAMOTORS,0.391529411764706,RAW_UNADJUSTED,True,PASS
2022-06-30,2022-07-01,3,TITAN,0.388253719655443,RAW_UNADJUSTED,True,PASS
2022-06-30,2022-07-01,4,ONGC,0.3308402991641,RAW_UNADJUSTED,True,PASS
2022-06-30,2022-07-01,5,BHARTIARTL,0.309029725182277,RAW_UNADJUSTED,True,PASS
2022-09-30,2022-10-03,1,ADANIENT,1.01206223230033,RAW_UNADJUSTED,True,PASS
2022-09-30,2022-10-03,2,M&M,0.649691163494265,RAW_UNADJUSTED,True,PASS
2022-09-30,2022-10-03,3,TATAMOTORS,0.639749390880613,RAW_UNADJUSTED,True,PASS
2022-09-30,2022-10-03,4,COALINDIA,0.609873157353445,RAW_UNADJUSTED,True,PASS
2022-09-30,2022-10-03,5,ITC,0.516800757217227,RAW_UNADJUSTED,True,PASS
2022-12-30,2023-01-02,1,ADANIENT,1.35613555041044,RAW_UNADJUSTED,True,PASS
2022-12-30,2023-01-02,2,M&M,0.562657091561939,RAW_UNADJUSTED,True,PASS
2022-12-30,2023-01-02,3,ITC,0.537418042052905,RAW_UNADJUSTED,True,PASS
2022-12-30,2023-01-02,4,COALINDIA,0.495065789473684,RAW_UNADJUSTED,True,PASS
2022-12-30,2023-01-02,5,EICHERMOT,0.469974055559071,RAW_UNADJUSTED,True,PASS
2023-03-31,2023-04-03,1,ITC,0.745193421357424,RAW_UNADJUSTED,True,PASS
2023-03-31,2023-04-03,2,M&M,0.605361320098628,RAW_UNADJUSTED,True,PASS
2023-03-31,2023-04-03,3,BRITANNIA,0.301769537119433,RAW_UNADJUSTED,True,PASS
2023-03-31,2023-04-03,4,NTPC,0.277153558052434,RAW_UNADJUSTED,True,PASS
2023-03-31,2023-04-03,5,COALINDIA,0.270421704511943,RAW_UNADJUSTED,True,PASS
2023-06-30,2023-07-03,1,ITC,0.646037317568816,RAW_UNADJUSTED,True,PASS
2023-06-30,2023-07-03,2,INDUSINDBK,0.382177579631519,RAW_UNADJUSTED,True,PASS
2023-06-30,2023-07-03,3,AXISBANK,0.33515761821366,RAW_UNADJUSTED,True,PASS
2023-06-30,2023-07-03,4,LT,0.333121789060139,RAW_UNADJUSTED,True,PASS
2023-06-30,2023-07-03,5,EICHERMOT,0.320489076687944,RAW_UNADJUSTED,True,PASS
2023-09-29,2023-10-03,1,LT,0.405825747724317,RAW_UNADJUSTED,True,PASS
2023-09-29,2023-10-03,2,ITC,0.37191887675507,RAW_UNADJUSTED,True,PASS
2023-09-29,2023-10-03,3,NTPC,0.343292682926829,RAW_UNADJUSTED,True,PASS
2023-09-29,2023-10-03,4,DRREDDY,0.321032732241081,RAW_UNADJUSTED,True,PASS
2023-09-29,2023-10-03,5,AXISBANK,0.295409181636727,RAW_UNADJUSTED,True,PASS
2023-12-29,2024-01-01,1,BAJAJ-AUTO,0.623843549204149,RAW_UNADJUSTED,True,PASS
2023-12-29,2024-01-01,2,TATAMOTORS,0.607646791078744,RAW_UNADJUSTED,True,PASS
2023-12-29,2024-01-01,3,NTPC,0.517421602787457,RAW_UNADJUSTED,True,PASS
2023-12-29,2024-01-01,4,COALINDIA,0.505610561056105,RAW_UNADJUSTED,True,PASS
2023-12-29,2024-01-01,5,LT,0.498517965154107,RAW_UNADJUSTED,True,PASS
2024-03-28,2024-04-01,1,ADANIENT,1.40891593650328,RAW_UNADJUSTED,True,PASS
2024-03-28,2024-04-01,2,TATAMOTORS,1.25861659139529,RAW_UNADJUSTED,True,PASS
2024-03-28,2024-04-01,3,ADANIPORTS,1.22888007426787,RAW_UNADJUSTED,True,PASS
2024-03-28,2024-04-01,4,BAJAJ-AUTO,1.16031628974107,RAW_UNADJUSTED,True,PASS
2024-03-28,2024-04-01,5,COALINDIA,1.02739090064995,RAW_UNADJUSTED,True,PASS
2024-06-28,2024-07-01,1,NTPC,1.06499856197872,RAW_UNADJUSTED,True,PASS
2024-06-28,2024-07-01,2,COALINDIA,1.0360621761658,RAW_UNADJUSTED,True,PASS
2024-06-28,2024-07-01,3,BAJAJ-AUTO,0.989150783311256,RAW_UNADJUSTED,True,PASS
2024-06-28,2024-07-01,4,ADANIPORTS,0.945455775867903,RAW_UNADJUSTED,True,PASS
2024-06-28,2024-07-01,5,M&M,0.900113722517058,RAW_UNADJUSTED,True,PASS
2024-09-30,2024-10-01,1,TRENT,2.49445963096749,RAW_UNADJUSTED,True,PASS
2024-09-30,2024-10-01,2,BAJAJ-AUTO,1.36064632190385,RAW_UNADJUSTED,True,PASS
2024-09-30,2024-10-01,3,COALINDIA,1.28189524016518,RAW_UNADJUSTED,True,PASS
2024-09-30,2024-10-01,4,BEL,1.246996996997,RAW_UNADJUSTED,True,PASS
2024-09-30,2024-10-01,5,ONGC,0.89922480620155,RAW_UNADJUSTED,True,PASS
2024-12-31,2025-01-01,1,TRENT,1.43824901327592,RAW_UNADJUSTED,True,PASS
2024-12-31,2025-01-01,2,BEL,1.11103495544894,RAW_UNADJUSTED,True,PASS
2024-12-31,2025-01-01,3,M&M,0.800091033227128,RAW_UNADJUSTED,True,PASS
2024-12-31,2025-01-01,4,BHARTIARTL,0.603577412042968,RAW_UNADJUSTED,True,PASS
2024-12-31,2025-01-01,5,POWERGRID,0.576453697056712,RAW_UNADJUSTED,True,PASS
2025-03-28,2025-04-01,1,BHARTIARTL,0.397783415676325,RAW_UNADJUSTED,True,PASS
2025-03-28,2025-04-01,2,M&M,0.337766507969364,RAW_UNADJUSTED,True,PASS
2025-03-28,2025-04-01,3,BAJFINANCE,0.313293356016227,RAW_UNADJUSTED,True,PASS
2025-03-28,2025-04-01,4,HINDALCO,0.259005656445371,RAW_UNADJUSTED,True,PASS
2025-03-28,2025-04-01,5,EICHERMOT,0.25872798228035,RAW_UNADJUSTED,True,PASS
2025-06-30,2025-07-01,1,HDFCLIFE,0.412839865417841,RAW_UNADJUSTED,True,PASS
2025-06-30,2025-07-01,2,BAJFINANCE,0.3706944174866,RAW_UNADJUSTED,True,PASS
2025-06-30,2025-07-01,3,BHARTIARTL,0.352176288472045,RAW_UNADJUSTED,True,PASS
2025-06-30,2025-07-01,4,BAJAJFINSV,0.319769723930394,RAW_UNADJUSTED,True,PASS
2025-06-30,2025-07-01,5,SBILIFE,0.307126370455857,RAW_UNADJUSTED,True,PASS
2025-09-30,2025-10-01,1,MAXHEALTH,0.33839642877848,RAW_UNADJUSTED,True,PASS
2025-09-30,2025-10-01,2,BEL,0.234213164049449,RAW_UNADJUSTED,True,PASS
2025-09-30,2025-10-01,3,EICHERMOT,0.230319524241508,RAW_UNADJUSTED,True,PASS
2025-09-30,2025-10-01,4,MARUTI,0.192534064339273,RAW_UNADJUSTED,True,PASS
2025-09-30,2025-10-01,5,BHARTIARTL,0.188634718857179,RAW_UNADJUSTED,True,PASS
