effective_date,symbol,action,source_reference,linked_review_source,status,reason
2018-04-02,AMBUJACEM,EXCLUSION,NSE Circular ind_prs21022018.pdf / IndexInclExcl.xls,ind_prs21022018.pdf,PASS,OFFICIAL_SOURCE_RECONCILED
2018-04-02,AUROPHARMA,EXCLUSION,NSE Circular ind_prs21022018.pdf / IndexInclExcl.xls,ind_prs21022018.pdf,PASS,OFFICIAL_SOURCE_RECONCILED
2018-04-02,BOSCHLTD,EXCLUSION,NSE Circular ind_prs21022018.pdf / IndexInclExcl.xls,ind_prs21022018.pdf,PASS,OFFICIAL_SOURCE_RECONCILED
2018-04-02,BAJAJFINSV,INCLUSION,NSE Circular ind_prs21022018.pdf / IndexInclExcl.xls,ind_prs21022018.pdf,PASS,OFFICIAL_SOURCE_RECONCILED
2018-04-02,GRASIM,INCLUSION,NSE Circular ind_prs21022018.pdf / IndexInclExcl.xls,ind_prs21022018.pdf,PASS,OFFICIAL_SOURCE_RECONCILED
2018-04-02,TITAN,INCLUSION,NSE Circular ind_prs21022018.pdf / IndexInclExcl.xls,ind_prs21022018.pdf,PASS,OFFICIAL_SOURCE_RECONCILED
2018-09-28,LUPIN,EXCLUSION,NSE Circular ind_prs28082018.pdf / IndexInclExcl.xls,ind_prs28082018.pdf,PASS,OFFICIAL_SOURCE_RECONCILED
2018-09-28,JSWSTEEL,INCLUSION,NSE Circular ind_prs28082018.pdf / IndexInclExcl.xls,ind_prs28082018.pdf,PASS,OFFICIAL_SOURCE_RECONCILED
2019-03-29,HINDPETRO,EXCLUSION,NSE Circular ind_prs25022019.pdf / IndexInclExcl.xls,ind_prs25022019.pdf,PASS,OFFICIAL_SOURCE_RECONCILED
2019-03-29,BRITANNIA,INCLUSION,NSE Circular ind_prs25022019.pdf / IndexInclExcl.xls,ind_prs25022019.pdf,PASS,OFFICIAL_SOURCE_RECONCILED
2019-09-27,IBULHSGFIN,EXCLUSION,NSE Circular ind_prs28082019.pdf / IndexInclExcl.xls,ind_prs28082019.pdf,PASS,OFFICIAL_SOURCE_RECONCILED
2019-09-27,NESTLEIND,INCLUSION,NSE Circular ind_prs28082019.pdf / IndexInclExcl.xls,ind_prs28082019.pdf,PASS,OFFICIAL_SOURCE_RECONCILED
2020-03-19,YESBANK,EXCLUSION,NSE Circular ind_prs16032020.pdf / IndexInclExcl.xls,ind_prs16032020.pdf,PASS,OFFICIAL_SOURCE_RECONCILED
2020-03-19,SHREECEM,INCLUSION,NSE Circular ind_prs16032020.pdf / IndexInclExcl.xls,ind_prs16032020.pdf,PASS,OFFICIAL_SOURCE_RECONCILED
2020-07-31,VEDL,EXCLUSION,NSE Circular ind_prs02072020_1.pdf / IndexInclExcl.xls,ind_prs02072020_1.pdf,PASS,OFFICIAL_SOURCE_RECONCILED
2020-07-31,HDFCLIFE,INCLUSION,NSE Circular ind_prs02072020_1.pdf / IndexInclExcl.xls,ind_prs02072020_1.pdf,PASS,OFFICIAL_SOURCE_RECONCILED
2020-09-25,INFRATEL,EXCLUSION,NSE Circular ind_prs20082020.pdf,ind_prs20082020.pdf,PASS,OFFICIAL_SOURCE_RECONCILED
2020-09-25,ZEEL,EXCLUSION,NSE Circular ind_prs20082020.pdf,ind_prs20082020.pdf,PASS,OFFICIAL_SOURCE_RECONCILED
2020-09-25,DIVISLAB,INCLUSION,NSE Circular ind_prs20082020.pdf,ind_prs20082020.pdf,PASS,OFFICIAL_SOURCE_RECONCILED
2020-09-25,SBILIFE,INCLUSION,NSE Circular ind_prs20082020.pdf,ind_prs20082020.pdf,PASS,OFFICIAL_SOURCE_RECONCILED
2021-03-31,GAIL,EXCLUSION,NSE Circular ind_prs23022021.pdf,ind_prs23022021.pdf,PASS,OFFICIAL_SOURCE_RECONCILED
2021-03-31,TATACONSUM,INCLUSION,NSE Circular ind_prs23022021.pdf,ind_prs23022021.pdf,PASS,OFFICIAL_SOURCE_RECONCILED
2022-03-31,IOC,EXCLUSION,NSE Circular ind_prs24022022_1.pdf,ind_prs24022022_1.pdf,PASS,OFFICIAL_SOURCE_RECONCILED
2022-03-31,APOLLOHOSP,INCLUSION,NSE Circular ind_prs24022022_1.pdf,ind_prs24022022_1.pdf,PASS,OFFICIAL_SOURCE_RECONCILED
2022-09-30,SHREECEM,EXCLUSION,NSE Circular ind_prs01092022.pdf,ind_prs01092022.pdf,PASS,OFFICIAL_SOURCE_RECONCILED
2022-09-30,ADANIENT,INCLUSION,NSE Circular ind_prs01092022.pdf,ind_prs01092022.pdf,PASS,OFFICIAL_SOURCE_RECONCILED
2023-07-13,HDFC,EXCLUSION,NSE Circular ind_prs04072023.pdf,ind_prs04072023.pdf,PASS,OFFICIAL_SOURCE_RECONCILED
2023-07-13,LTIM,INCLUSION,NSE Circular ind_prs04072023.pdf,ind_prs04072023.pdf,PASS,OFFICIAL_SOURCE_RECONCILED
2024-03-28,UPL,EXCLUSION,NSE Circular ind_prs28022024.pdf,ind_prs28022024.pdf,PASS,OFFICIAL_SOURCE_RECONCILED
2024-03-28,SHRIRAMFIN,INCLUSION,NSE Circular ind_prs28022024.pdf,ind_prs28022024.pdf,PASS,OFFICIAL_SOURCE_RECONCILED
2024-09-30,DIVISLAB,EXCLUSION,NSE Circular ind_prs23082024.pdf,ind_prs23082024.pdf,PASS,OFFICIAL_SOURCE_RECONCILED
2024-09-30,LTIM,EXCLUSION,NSE Circular ind_prs23082024.pdf,ind_prs23082024.pdf,PASS,OFFICIAL_SOURCE_RECONCILED
2024-09-30,BEL,INCLUSION,NSE Circular ind_prs23082024.pdf,ind_prs23082024.pdf,PASS,OFFICIAL_SOURCE_RECONCILED
2024-09-30,TRENT,INCLUSION,NSE Circular ind_prs23082024.pdf,ind_prs23082024.pdf,PASS,OFFICIAL_SOURCE_RECONCILED
2025-03-28,BPCL,EXCLUSION,NSE Circular ind_prs21022025.pdf,ind_prs21022025.pdf,PASS,OFFICIAL_SOURCE_RECONCILED
2025-03-28,BRITANNIA,EXCLUSION,NSE Circular ind_prs21022025.pdf,ind_prs21022025.pdf,PASS,OFFICIAL_SOURCE_RECONCILED
2025-03-28,ETERNAL,INCLUSION,NSE Circular ind_prs21022025.pdf,ind_prs21022025.pdf,PASS,OFFICIAL_SOURCE_RECONCILED
2025-03-28,JIOFIN,INCLUSION,NSE Circular ind_prs21022025.pdf,ind_prs21022025.pdf,PASS,OFFICIAL_SOURCE_RECONCILED
2025-09-30,HEROMOTOCO,EXCLUSION,NSE Circular ind_prs22082025.pdf,ind_prs22082025.pdf,PASS,OFFICIAL_SOURCE_RECONCILED
2025-09-30,INDUSINDBK,EXCLUSION,NSE Circular ind_prs22082025.pdf,ind_prs22082025.pdf,PASS,OFFICIAL_SOURCE_RECONCILED
2025-09-30,INDIGO,INCLUSION,NSE Circular ind_prs22082025.pdf,ind_prs22082025.pdf,PASS,OFFICIAL_SOURCE_RECONCILED
2025-09-30,MAXHEALTH,INCLUSION,NSE Circular ind_prs22082025.pdf,ind_prs22082025.pdf,PASS,OFFICIAL_SOURCE_RECONCILED
