source,decision_date,expected_count,actual_count,expected_symbols,actual_symbols,missing_expected,unexpected_actual,expected_execution_dates,actual_execution_date,symbols_match,execution_date_match,status
phase05,2018-03-28,5,5,HINDUNILVR|MARUTI|BAJFINANCE|IBULHSGFIN|TATASTEEL,HINDUNILVR|MARUTI|BAJFINANCE|IBULHSGFIN|TATASTEEL,,,2018-04-02,2018-04-02,True,True,PASS
phase05,2018-06-29,5,5,TITAN|TECHM|BAJFINANCE|HINDUNILVR|BAJAJFINSV,TITAN|TECHM|BAJFINANCE|HINDUNILVR|BAJAJFINSV,,,2018-07-02,2018-07-02,True,True,PASS
phase05,2018-09-28,5,5,TECHM|BAJFINANCE|INFY|JSWSTEEL|HINDUNILVR,TECHM|BAJFINANCE|INFY|JSWSTEEL|HINDUNILVR,,,2018-10-01,2018-10-01,True,True,PASS
phase05,2018-12-31,5,5,BAJFINANCE|TECHM|HINDUNILVR|RELIANCE|KOTAKBANK,BAJFINANCE|TECHM|HINDUNILVR|RELIANCE|KOTAKBANK,,,2019-01-01,2019-01-01,True,True,PASS
phase05,2019-03-29,5,5,BAJFINANCE|TECHM|AXISBANK|HINDUNILVR|RELIANCE,BAJFINANCE|TECHM|AXISBANK|HINDUNILVR|RELIANCE,,,2019-04-01,2019-04-01,True,True,PASS
phase05,2019-06-28,5,5,BAJFINANCE|ICICIBANK|AXISBANK|RELIANCE|UPL,BAJFINANCE|ICICIBANK|AXISBANK|RELIANCE|UPL,,,2019-07-01,2019-07-01,True,True,PASS
phase05,2019-09-30,5,5,TITAN|ICICIBANK|ASIANPAINT|BAJFINANCE|HDFC,TITAN|ICICIBANK|ASIANPAINT|BAJFINANCE|HDFC,,,2019-10-01,2019-10-01,True,True,PASS
phase05,2019-12-31,5,5,BAJFINANCE|BPCL|BAJAJFINSV|ICICIBANK|BHARTIARTL,BAJFINANCE|BPCL|BAJAJFINSV|ICICIBANK|BHARTIARTL,,,2020-01-01,2020-01-01,True,True,PASS
phase05,2020-03-31,5,5,BAJFINANCE|BHARTIARTL|NESTLEIND|ICICIBANK|BAJAJFINSV,BAJFINANCE|BHARTIARTL|NESTLEIND|ICICIBANK|BAJAJFINSV,,,2020-04-01,2020-04-01,True,True,PASS
phase05,2020-06-30,5,5,BHARTIARTL|NESTLEIND|DRREDDY|ASIANPAINT|CIPLA,BHARTIARTL|NESTLEIND|DRREDDY|ASIANPAINT|CIPLA,,,2020-07-01,2020-07-01,True,True,PASS
phase05,2020-09-30,5,5,DIVISLAB|DRREDDY|RELIANCE|CIPLA|BHARTIARTL,DIVISLAB|DRREDDY|RELIANCE|CIPLA|BHARTIARTL,,,2020-10-01,2020-10-01,True,True,PASS
phase05,2020-12-31,5,5,DIVISLAB|DRREDDY|CIPLA|INFY|WIPRO,DIVISLAB|DRREDDY|CIPLA|INFY|WIPRO,,,2021-01-01,2021-01-01,True,True,PASS
phase05,2021-03-31,5,5,TATAMOTORS|HINDALCO|ADANIPORTS|CIPLA|TATASTEEL,TATAMOTORS|HINDALCO|ADANIPORTS|CIPLA|TATASTEEL,,,2021-04-01,2021-04-01,True,True,PASS
phase05,2021-06-30,5,5,JSWSTEEL|TATASTEEL|TATAMOTORS|BAJFINANCE|HINDALCO,JSWSTEEL|TATASTEEL|TATAMOTORS|BAJFINANCE|HINDALCO,,,2021-07-01,2021-07-01,True,True,PASS
phase05,2021-09-30,5,5,TATASTEEL|BAJAJFINSV|JSWSTEEL|HINDALCO|WIPRO,TATASTEEL|BAJAJFINSV|JSWSTEEL|HINDALCO|WIPRO,,,2021-10-01,2021-10-01,True,True,PASS
phase05,2021-12-31,5,5,TATAMOTORS|BAJAJFINSV|GRASIM|SBIN|TATASTEEL,TATAMOTORS|BAJAJFINSV|GRASIM|SBIN|TATASTEEL,,,2022-01-03,2022-01-03,True,True,PASS
phase05,2022-03-31,5,5,TITAN|TATASTEEL|HINDALCO|BAJAJFINSV|JSWSTEEL,TITAN|TATASTEEL|HINDALCO|BAJAJFINSV|JSWSTEEL,,,2022-04-01,2022-04-01,True,True,PASS
phase05,2022-06-30,5,5,NTPC|TATAMOTORS|TITAN|ONGC|BHARTIARTL,NTPC|TATAMOTORS|TITAN|ONGC|BHARTIARTL,,,2022-07-01,2022-07-01,True,True,PASS
phase05,2022-09-30,5,5,ADANIENT|M&M|TATAMOTORS|COALINDIA|ITC,ADANIENT|M&M|TATAMOTORS|COALINDIA|ITC,,,2022-10-03,2022-10-03,True,True,PASS
phase05,2022-12-30,5,5,ADANIENT|M&M|ITC|COALINDIA|EICHERMOT,ADANIENT|M&M|ITC|COALINDIA|EICHERMOT,,,2023-01-02,2023-01-02,True,True,PASS
phase05,2023-03-31,5,5,ITC|M&M|BRITANNIA|NTPC|COALINDIA,ITC|M&M|BRITANNIA|NTPC|COALINDIA,,,2023-04-03,2023-04-03,True,True,PASS
phase05,2023-06-30,5,5,ITC|INDUSINDBK|AXISBANK|LT|EICHERMOT,ITC|INDUSINDBK|AXISBANK|LT|EICHERMOT,,,2023-07-03,2023-07-03,True,True,PASS
phase05,2023-09-29,5,5,LT|ITC|NTPC|DRREDDY|AXISBANK,LT|ITC|NTPC|DRREDDY|AXISBANK,,,2023-10-03,2023-10-03,True,True,PASS
phase05,2023-12-29,5,5,BAJAJ-AUTO|TATAMOTORS|NTPC|COALINDIA|LT,BAJAJ-AUTO|TATAMOTORS|NTPC|COALINDIA|LT,,,2024-01-01,2024-01-01,True,True,PASS
phase05,2024-03-28,5,5,ADANIENT|TATAMOTORS|ADANIPORTS|BAJAJ-AUTO|COALINDIA,ADANIENT|TATAMOTORS|ADANIPORTS|BAJAJ-AUTO|COALINDIA,,,2024-04-01,2024-04-01,True,True,PASS
phase05,2024-06-28,5,5,NTPC|COALINDIA|BAJAJ-AUTO|ADANIPORTS|M&M,NTPC|COALINDIA|BAJAJ-AUTO|ADANIPORTS|M&M,,,2024-07-01,2024-07-01,True,True,PASS
phase05,2024-09-30,5,5,TRENT|BAJAJ-AUTO|COALINDIA|BEL|ONGC,TRENT|BAJAJ-AUTO|COALINDIA|BEL|ONGC,,,2024-10-01,2024-10-01,True,True,PASS
phase05,2024-12-31,5,5,TRENT|BEL|M&M|BHARTIARTL|POWERGRID,TRENT|BEL|M&M|BHARTIARTL|POWERGRID,,,2025-01-01,2025-01-01,True,True,PASS
phase05,2025-03-28,5,5,BHARTIARTL|M&M|BAJFINANCE|HINDALCO|EICHERMOT,BHARTIARTL|M&M|BAJFINANCE|HINDALCO|EICHERMOT,,,2025-04-01,2025-04-01,True,True,PASS
phase05,2025-06-30,5,5,HDFCLIFE|BAJFINANCE|BHARTIARTL|BAJAJFINSV|SBILIFE,HDFCLIFE|BAJFINANCE|BHARTIARTL|BAJAJFINSV|SBILIFE,,,2025-07-01,2025-07-01,True,True,PASS
phase05,2025-09-30,5,5,MAXHEALTH|BEL|EICHERMOT|MARUTI|BHARTIARTL,MAXHEALTH|BEL|EICHERMOT|MARUTI|BHARTIARTL,,,2025-10-01,2025-10-01,True,True,PASS
phase1a_pit,2018-03-28,5,5,HINDUNILVR|MARUTI|BAJFINANCE|IBULHSGFIN|TATASTEEL,HINDUNILVR|MARUTI|BAJFINANCE|IBULHSGFIN|TATASTEEL,,,2018-04-02,2018-04-02,True,True,PASS
phase1a_pit,2018-06-29,5,5,TITAN|TECHM|BAJFINANCE|HINDUNILVR|BAJAJFINSV,TITAN|TECHM|BAJFINANCE|HINDUNILVR|BAJAJFINSV,,,2018-07-02,2018-07-02,True,True,PASS
phase1a_pit,2018-09-28,5,5,TECHM|BAJFINANCE|INFY|JSWSTEEL|HINDUNILVR,TECHM|BAJFINANCE|INFY|JSWSTEEL|HINDUNILVR,,,2018-10-01,2018-10-01,True,True,PASS
phase1a_pit,2018-12-31,5,5,BAJFINANCE|TECHM|HINDUNILVR|RELIANCE|KOTAKBANK,BAJFINANCE|TECHM|HINDUNILVR|RELIANCE|KOTAKBANK,,,2019-01-01,2019-01-01,True,True,PASS
phase1a_pit,2019-03-29,5,5,BAJFINANCE|TECHM|AXISBANK|HINDUNILVR|RELIANCE,BAJFINANCE|TECHM|AXISBANK|HINDUNILVR|RELIANCE,,,2019-04-01,2019-04-01,True,True,PASS
phase1a_pit,2019-06-28,5,5,BAJFINANCE|ICICIBANK|AXISBANK|RELIANCE|UPL,BAJFINANCE|ICICIBANK|AXISBANK|RELIANCE|UPL,,,2019-07-01,2019-07-01,True,True,PASS
phase1a_pit,2019-09-30,5,5,TITAN|ICICIBANK|ASIANPAINT|BAJFINANCE|HDFC,TITAN|ICICIBANK|ASIANPAINT|BAJFINANCE|HDFC,,,2019-10-01,2019-10-01,True,True,PASS
phase1a_pit,2019-12-31,5,5,BAJFINANCE|BPCL|BAJAJFINSV|ICICIBANK|BHARTIARTL,BAJFINANCE|BPCL|BAJAJFINSV|ICICIBANK|BHARTIARTL,,,2020-01-01,2020-01-01,True,True,PASS
phase1a_pit,2020-03-31,5,5,BAJFINANCE|BHARTIARTL|NESTLEIND|ICICIBANK|BAJAJFINSV,BAJFINANCE|BHARTIARTL|NESTLEIND|ICICIBANK|BAJAJFINSV,,,2020-04-01,2020-04-01,True,True,PASS
phase1a_pit,2020-06-30,5,5,BHARTIARTL|NESTLEIND|DRREDDY|ASIANPAINT|CIPLA,BHARTIARTL|NESTLEIND|DRREDDY|ASIANPAINT|CIPLA,,,2020-07-01,2020-07-01,True,True,PASS
phase1a_pit,2020-09-30,5,5,DIVISLAB|DRREDDY|RELIANCE|CIPLA|BHARTIARTL,DIVISLAB|DRREDDY|RELIANCE|CIPLA|BHARTIARTL,,,2020-10-01,2020-10-01,True,True,PASS
phase1a_pit,2020-12-31,5,5,DIVISLAB|DRREDDY|CIPLA|INFY|WIPRO,DIVISLAB|DRREDDY|CIPLA|INFY|WIPRO,,,2021-01-01,2021-01-01,True,True,PASS
phase1a_pit,2021-03-31,5,5,TATAMOTORS|HINDALCO|ADANIPORTS|CIPLA|TATASTEEL,TATAMOTORS|HINDALCO|ADANIPORTS|CIPLA|TATASTEEL,,,2021-04-01,2021-04-01,True,True,PASS
phase1a_pit,2021-06-30,5,5,JSWSTEEL|TATASTEEL|TATAMOTORS|BAJFINANCE|HINDALCO,JSWSTEEL|TATASTEEL|TATAMOTORS|BAJFINANCE|HINDALCO,,,2021-07-01,2021-07-01,True,True,PASS
phase1a_pit,2021-09-30,5,5,TATASTEEL|BAJAJFINSV|JSWSTEEL|HINDALCO|WIPRO,TATASTEEL|BAJAJFINSV|JSWSTEEL|HINDALCO|WIPRO,,,2021-10-01,2021-10-01,True,True,PASS
phase1a_pit,2021-12-31,5,5,TATAMOTORS|BAJAJFINSV|GRASIM|SBIN|TATASTEEL,TATAMOTORS|BAJAJFINSV|GRASIM|SBIN|TATASTEEL,,,2022-01-03,2022-01-03,True,True,PASS
phase1a_pit,2022-03-31,5,5,TITAN|TATASTEEL|HINDALCO|BAJAJFINSV|JSWSTEEL,TITAN|TATASTEEL|HINDALCO|BAJAJFINSV|JSWSTEEL,,,2022-04-01,2022-04-01,True,True,PASS
phase1a_pit,2022-06-30,5,5,NTPC|TATAMOTORS|TITAN|ONGC|BHARTIARTL,NTPC|TATAMOTORS|TITAN|ONGC|BHARTIARTL,,,2022-07-01,2022-07-01,True,True,PASS
phase1a_pit,2022-09-30,5,5,ADANIENT|M&M|TATAMOTORS|COALINDIA|ITC,ADANIENT|M&M|TATAMOTORS|COALINDIA|ITC,,,2022-10-03,2022-10-03,True,True,PASS
phase1a_pit,2022-12-30,5,5,ADANIENT|M&M|ITC|COALINDIA|EICHERMOT,ADANIENT|M&M|ITC|COALINDIA|EICHERMOT,,,2023-01-02,2023-01-02,True,True,PASS
phase1a_pit,2023-03-31,5,5,ITC|M&M|BRITANNIA|NTPC|COALINDIA,ITC|M&M|BRITANNIA|NTPC|COALINDIA,,,2023-04-03,2023-04-03,True,True,PASS
phase1a_pit,2023-06-30,5,5,ITC|INDUSINDBK|AXISBANK|LT|EICHERMOT,ITC|INDUSINDBK|AXISBANK|LT|EICHERMOT,,,2023-07-03,2023-07-03,True,True,PASS
phase1a_pit,2023-09-29,5,5,LT|ITC|NTPC|DRREDDY|AXISBANK,LT|ITC|NTPC|DRREDDY|AXISBANK,,,2023-10-03,2023-10-03,True,True,PASS
phase1a_pit,2023-12-29,5,5,BAJAJ-AUTO|TATAMOTORS|NTPC|COALINDIA|LT,BAJAJ-AUTO|TATAMOTORS|NTPC|COALINDIA|LT,,,2024-01-01,2024-01-01,True,True,PASS
phase1a_pit,2024-03-28,5,5,ADANIENT|TATAMOTORS|ADANIPORTS|BAJAJ-AUTO|COALINDIA,ADANIENT|TATAMOTORS|ADANIPORTS|BAJAJ-AUTO|COALINDIA,,,2024-04-01,2024-04-01,True,True,PASS
phase1a_pit,2024-06-28,5,5,NTPC|COALINDIA|BAJAJ-AUTO|ADANIPORTS|M&M,NTPC|COALINDIA|BAJAJ-AUTO|ADANIPORTS|M&M,,,2024-07-01,2024-07-01,True,True,PASS
phase1a_pit,2024-09-30,5,5,TRENT|BAJAJ-AUTO|COALINDIA|BEL|ONGC,TRENT|BAJAJ-AUTO|COALINDIA|BEL|ONGC,,,2024-10-01,2024-10-01,True,True,PASS
phase1a_pit,2024-12-31,5,5,TRENT|BEL|M&M|BHARTIARTL|POWERGRID,TRENT|BEL|M&M|BHARTIARTL|POWERGRID,,,2025-01-01,2025-01-01,True,True,PASS
phase1a_pit,2025-03-28,5,5,BHARTIARTL|M&M|BAJFINANCE|HINDALCO|EICHERMOT,BHARTIARTL|M&M|BAJFINANCE|HINDALCO|EICHERMOT,,,2025-04-01,2025-04-01,True,True,PASS
phase1a_pit,2025-06-30,5,5,HDFCLIFE|BAJFINANCE|BHARTIARTL|BAJAJFINSV|SBILIFE,HDFCLIFE|BAJFINANCE|BHARTIARTL|BAJAJFINSV|SBILIFE,,,2025-07-01,2025-07-01,True,True,PASS
phase1a_pit,2025-09-30,5,5,MAXHEALTH|BEL|EICHERMOT|MARUTI|BHARTIARTL,MAXHEALTH|BEL|EICHERMOT|MARUTI|BHARTIARTL,,,2025-10-01,2025-10-01,True,True,PASS
