ex_date,symbol,isin,series,subject,record_date,broadcast_date,event_class,treatment,active_on_ex_date,historical_signal_relevance
2018-01-18,GAIL,INE129A01019,EQ,Interim Dividend - Rs 7.65 Per Share (Purpose Revised),20-Jan-2018,,DIVIDEND,CASH_DISTRIBUTION,false,false
2018-01-18,SHREECEM,INE070A01015,EQ,Interim Dividend - Rs 20 Per Share (Purpose Revised),19-Jan-2018,,DIVIDEND,CASH_DISTRIBUTION,false,false
2018-02-08,BEL,INE263A01016,EQ,Buyback,09-Feb-2018,,BUYBACK,NO_MECHANICAL_PRICE_ADJUSTMENT,false,false
2018-02-08,BEL,INE263A01016,EQ,Interim Dividend Rs 1.60 Per Share,09-Feb-2018,,DIVIDEND,CASH_DISTRIBUTION,false,false
2018-02-08,IOC,INE242A01010,EQ,Interim Dividend Rs 19/- Per Share,09-Feb-2018,,DIVIDEND,CASH_DISTRIBUTION,true,true
2018-02-15,BHEL,INE257A01018,EQ,Interim Dividend Re 0.80 Per Share (Purpose Revised),17-Feb-2018,,DIVIDEND,CASH_DISTRIBUTION,false,false
2018-02-15,HEROMOTOCO,INE158A01026,EQ,Interim Dividend Rs 55/- Per Share,17-Feb-2018,,DIVIDEND,CASH_DISTRIBUTION,false,false
2018-02-20,AUROPHARMA,INE406A01029,EQ,Interim Dividend Re 1/- Per Share,21-Feb-2018,,DIVIDEND,CASH_DISTRIBUTION,false,false
2018-02-22,BPCL,INE029A01011,EQ,Interim Dividend - Rs 14 Per Share,24-Feb-2018,,DIVIDEND,CASH_DISTRIBUTION,false,false
2018-02-28,HINDPETRO,INE094A01015,EQ,Interim Dividend - 14.50 Per Share,01-Mar-2018,,DIVIDEND,CASH_DISTRIBUTION,true,true
2018-03-15,IOC,INE242A01010,EQ,Bonus 1:1,17-Mar-2018,,BONUS,SHARE_RATIO_ACTION,true,true
2018-03-20,VEDL,INE205A01025,EQ,Interim Dividend - Rs 21.20 Per Share (Purpose Revised),21-Mar-2018,,DIVIDEND,CASH_DISTRIBUTION,true,true
2018-03-22,HDFC,INE001A01028,EQ,Interim Dividend Rs 3.50 Per Share (Purpose Revised),24-Mar-2018,,DIVIDEND,CASH_DISTRIBUTION,false,false
2018-03-27,GAIL,INE129A01019,EQ,Bonus 1:3,29-Mar-2018,,BONUS,SHARE_RATIO_ACTION,false,false
2018-04-03,SBILIFE,INE123W01016,EQ,Interim Dividend - Rs 2 Per Share (Purpose Revised),04-Apr-2018,,DIVIDEND,CASH_DISTRIBUTION,false,false
2018-04-05,ADANIENT,INE423A01024,EQ,Scheme Of Arrangement,06-Apr-2018,,SCHEME,REQUIRES_SECURITY_CONVERSION_RECONCILIATION,false,false
2018-04-05,AMBUJACEM,INE079A01024,EQ,Dividend - Rs 2 Per Share,-,,DIVIDEND,CASH_DISTRIBUTION,false,false
2018-05-16,NESTLEIND,INE239A01016,EQ,Annual General Meeting/ Final Dividend - Rs 23 Per Share/ Interim Dividend - Rs 20 Per Share (Purpose Revised),-,,DIVIDEND,CASH_DISTRIBUTION,false,false
2018-05-17,ACC,INE012A01025,EQ,Annual General Meeting / Dividend Rs 15 Per Share,-,,DIVIDEND,CASH_DISTRIBUTION,false,false
2018-06-04,YESBANK,INE528G01019,EQ,Annual General Meeting / Dividend- Rs 2.7 Per Share,-,,DIVIDEND,CASH_DISTRIBUTION,false,false
2018-06-07,BOSCHLTD,INE323A01026,EQ,Annual General Meeting/Dividend- Rs 100 Per Share,-,,DIVIDEND,CASH_DISTRIBUTION,false,false
2018-06-20,TATACONSUM,INE192A01025,EQ,Annual General Meeting / Dividend- Rs 2.50 Per Share,-,,DIVIDEND,CASH_DISTRIBUTION,false,false
2018-06-28,HINDPETRO,INE094A01015,EQ,Dividend- Rs 2.50 Per Share,-,,DIVIDEND,CASH_DISTRIBUTION,true,true
2018-07-05,BAJAJFINSV,INE918I01018,EQ,Annual General Meeting / Dividend- Rs 1.75 Per Share,-,,DIVIDEND,CASH_DISTRIBUTION,true,true
2018-07-05,BAJFINANCE,INE296A01016,EQ,Annual General Meeting / Dividend- Rs 4 Per Share,-,,DIVIDEND,CASH_DISTRIBUTION,true,true
2018-07-05,BANKBARODA,INE028A01013,EQ,Annual General Meeting,-,,ADMINISTRATIVE,NO_ECONOMIC_EFFECT,false,false
2018-07-06,JSWSTEEL,INE019A01020,EQ,Annual General Meeting / Dividend- Rs 3.20 Per Share,-,,DIVIDEND,CASH_DISTRIBUTION,false,true
2018-07-09,ZEEL,INE256A01028,EQ,Annual General Meeting / Dividend- Rs 2.90 Per Share,10-Jul-2018,,DIVIDEND,CASH_DISTRIBUTION,false,false
2018-07-11,HEROMOTOCO,INE158A01026,EQ,Annual General Meeting / Dividend- Rs 40 Per Share,-,,DIVIDEND,CASH_DISTRIBUTION,false,false
2018-07-12,HDFCLIFE,INE795G01014,EQ,Annual General Meeting,-,,ADMINISTRATIVE,NO_ECONOMIC_EFFECT,false,false
2018-07-12,TATAPOWER,INE245A01013,EQ,Dividend Rs - 1.30 Per Share (Date Revised),-,,DIVIDEND,CASH_DISTRIBUTION,false,false
2018-07-18,INDUSINDBK,INE095A01012,EQ,Annual General Meeting / Dividend- Rs 7.50 Per Share (Date Revised),-,,DIVIDEND,CASH_DISTRIBUTION,false,false
2018-07-18,SHRIRAMFIN,INE721A01013,EQ,Annual General Meeting/Dividend Rs 6/- Per Share,-,,DIVIDEND,CASH_DISTRIBUTION,false,false
2018-07-19,HDFC,INE001A01028,EQ,Dividend- Rs 16.50 Per Share,-,,DIVIDEND,CASH_DISTRIBUTION,false,false
2018-07-20,SHREECEM,INE070A01015,EQ,Dividend- Rs 30 Per Share,-,,DIVIDEND,CASH_DISTRIBUTION,false,false
2018-07-23,TITAN,INE280A01010,EQ,Annual General Meeting/Dividend- Rs 3.75 Per Share,-,,DIVIDEND,CASH_DISTRIBUTION,true,true
2018-07-27,ADANIENT,INE423A01024,EQ,Annual General Meeting/Dividend Re 0.40 Per Share,-,,DIVIDEND,CASH_DISTRIBUTION,false,false
2018-07-27,BRITANNIA,INE216A01014,EQ,Annual General Meeting / Dividend- Rs 25 Per Share,-,,DIVIDEND,CASH_DISTRIBUTION,false,true
2018-07-27,TRENT,INE849A01012,EQ,Annual General Meeting/Dividend- Rs 1.15 Per Share,-,,DIVIDEND,CASH_DISTRIBUTION,false,false
2018-07-30,LUPIN,INE326A01029,EQ,Annual General Meeting/Dividend Rs 5/- Per Share,-,,DIVIDEND,CASH_DISTRIBUTION,false,false
2018-08-02,INDIGO,INE646L01027,EQ,Annual General Meeting/Dividend- Rs 6 Per Share,-,,DIVIDEND,CASH_DISTRIBUTION,false,false
2018-08-09,UPL,INE628A01036,EQ,Annual General Meeting/Dividend- Rs 8 Per Share,-,,DIVIDEND,CASH_DISTRIBUTION,true,true
2018-08-10,NESTLEIND,INE239A01016,EQ,Interim Dividend Rs 20 Per Share,13-Aug-2018,,DIVIDEND,CASH_DISTRIBUTION,false,false
2018-08-14,VEDL,INE205A01025,EQ,Annual General Meeting,-,,ADMINISTRATIVE,NO_ECONOMIC_EFFECT,true,true
2018-08-20,BEL,INE263A01016,EQ,Annual General Meeting/Dividend- Re 0.40 Per Share,-,,DIVIDEND,CASH_DISTRIBUTION,false,false
2018-08-20,IOC,INE242A01010,EQ,Dividend Rs 2 Per Share,-,,DIVIDEND,CASH_DISTRIBUTION,true,true
2018-08-21,AUROPHARMA,INE406A01029,EQ,Annual General Meeting,-,,ADMINISTRATIVE,NO_ECONOMIC_EFFECT,false,false
2018-08-30,GAIL,INE129A01019,EQ,Annual General Meeting/Dividend- Rs 1.44 Per Share,-,,DIVIDEND,CASH_DISTRIBUTION,false,false
2018-08-31,BPCL,INE029A01011,EQ,Annual General Meeting/Dividend Rs- 7 Per Share,-,,DIVIDEND,CASH_DISTRIBUTION,false,false
2018-08-31,DIVISLAB,INE361B01024,EQ,Annual General Meeting/Dividend- Rs 10 Per Share,-,,DIVIDEND,CASH_DISTRIBUTION,false,false
2018-08-31,GRASIM,INE047A01013,EQ,Dividend Rs 6.20 Per Share,-,,DIVIDEND,CASH_DISTRIBUTION,true,true
2018-09-06,ADANIENT,INE423A01024,EQ,Scheme Of Arrangement,07-Sep-2018,,SCHEME,REQUIRES_SECURITY_CONVERSION_RECONCILIATION,false,false
2018-09-11,BHEL,INE257A01018,EQ,Annual General Meeting/Dividend- Rs 1.02 Per Share,-,,DIVIDEND,CASH_DISTRIBUTION,false,false
2018-09-12,APOLLOHOSP,INE437A01016,EQ,Annual General Meeting/Dividend- Rs 5 Per Share,-,,DIVIDEND,CASH_DISTRIBUTION,false,false
2018-11-05,BHEL,INE257A01018,EQ,Buyback,06-Nov-2018,,BUYBACK,NO_MECHANICAL_PRICE_ADJUSTMENT,false,false
2018-11-05,SHRIRAMFIN,INE721A01013,EQ,Interim Dividend - Rs 5 Per Sh,06-Nov-2018,,DIVIDEND,CASH_DISTRIBUTION,false,false
2018-11-06,VEDL,INE205A01025,EQ,Interim Dividend - Rs 17 Per Share,10-Nov-2018,,DIVIDEND,CASH_DISTRIBUTION,true,true
2018-11-20,AUROPHARMA,INE406A01029,EQ,Interim Dividend - Rs 1.25 Per Share,22-Nov-2018,,DIVIDEND,CASH_DISTRIBUTION,false,false
2018-11-29,BRITANNIA,INE216A01014,EQ,Face Value Split (Sub-Division) - From Rs 2/- Per Share To Re 1/- Per Share,30-Nov-2018,,SPLIT,SHARE_RATIO_ACTION,false,true
2018-12-12,NESTLEIND,INE239A01016,EQ,Interim Dividend - Rs 50 Per Share,13-Dec-2018,,DIVIDEND,CASH_DISTRIBUTION,false,true
2018-12-13,IDEA,INE669E01016,EQ,Annual General Meeting,-,,ADMINISTRATIVE,NO_ECONOMIC_EFFECT,false,false
2018-12-20,BOSCHLTD,INE323A01026,EQ,Buyback,21-Dec-2018,,BUYBACK,NO_MECHANICAL_PRICE_ADJUSTMENT,false,false
2018-12-21,IOC,INE242A01010,EQ,Buyback,25-Dec-2018,,BUYBACK,NO_MECHANICAL_PRICE_ADJUSTMENT,true,true
2018-12-21,IOC,INE242A01010,EQ,Interim Dividend - Rs 6.75 Per Share,25-Dec-2018,,DIVIDEND,CASH_DISTRIBUTION,true,true
2019-01-29,SHREECEM,INE070A01015,EQ,Interim Dividend - Rs 25 Per Share,30-Jan-2019,,DIVIDEND,CASH_DISTRIBUTION,false,false
2019-02-08,BEL,INE263A01016,EQ,Interim Dividend - Re 0.30 Per Share,11-Feb-2019,,DIVIDEND,CASH_DISTRIBUTION,false,false
2019-02-11,HEROMOTOCO,INE158A01026,EQ,Interim Dividend -  Rs 55 Per Share,12-Feb-2019,,DIVIDEND,CASH_DISTRIBUTION,false,false
2019-02-12,BHEL,INE257A01018,EQ,Interim Dividend - Re 0.80 Per Share,13-Feb-2019,,DIVIDEND,CASH_DISTRIBUTION,false,false
2019-02-12,GAIL,INE129A01019,EQ,Interim Dividend - Rs 6.25 Per Share,13-Feb-2019,,DIVIDEND,CASH_DISTRIBUTION,false,false
2019-02-14,HINDPETRO,INE094A01015,EQ,Interim Dividend - Rs 6.50 Per Share,15-Feb-2019,,DIVIDEND,CASH_DISTRIBUTION,true,false
2019-02-15,AUROPHARMA,INE406A01029,EQ,Interim Dividend - Rs 1.25 Per Share,19-Feb-2019,,DIVIDEND,CASH_DISTRIBUTION,false,false
2019-02-21,BPCL,INE029A01011,EQ,Interim Dividend Rs - 11 Per Share,23-Feb-2019,,DIVIDEND,CASH_DISTRIBUTION,false,false
2019-02-27,AMBUJACEM,INE079A01024,EQ,Dividend - Rs 1.50 Per Share,-,,DIVIDEND,CASH_DISTRIBUTION,false,false
2019-03-05,ACC,INE012A01025,EQ,Annual General Meeting/Dividend - Rs 14 Per Share,-,,DIVIDEND,CASH_DISTRIBUTION,false,false
2019-03-13,VEDL,INE205A01025,EQ,Interim Dividend - Rs 1.85 Per Share,14-Mar-2019,,DIVIDEND,CASH_DISTRIBUTION,true,true
2019-03-14,HDFCLIFE,INE795G01014,EQ,Interim Dividend - Rs 1.63 Per Share,15-Mar-2019,,DIVIDEND,CASH_DISTRIBUTION,false,false
2019-03-15,HDFC,INE001A01028,EQ,Interim Dividend - Rs 3.50 Per Share,18-Mar-2019,,DIVIDEND,CASH_DISTRIBUTION,false,false
2019-03-19,BEL,INE263A01016,EQ,Interim Dividend - Re 0.70 Per Share,20-Mar-2019,,DIVIDEND,CASH_DISTRIBUTION,false,false
2019-03-27,BEL,INE263A01016,EQ,Interim Dividend - Re 0.70 Per Share,28-Mar-2019,,DIVIDEND,CASH_DISTRIBUTION,false,false
2019-03-27,IOC,INE242A01010,EQ,Interim Dividend - Rs 1.50 Per Share,28-Mar-2019,,DIVIDEND,CASH_DISTRIBUTION,true,true
2019-03-29,IDEA,INE669E01016,EQ,Rights 87:38 @ Premium Of Rs 2.50 Per Share,02-Apr-2019,,RIGHTS,REQUIRES_EX_RIGHTS_TREATMENT,false,false
2019-04-03,SBILIFE,INE123W01016,EQ,Interim Dividend - Rs 2 Per Share,04-Apr-2019,,DIVIDEND,CASH_DISTRIBUTION,false,false
2019-04-30,NESTLEIND,INE239A01016,EQ,Annual General Meeting/ Dividend - Rs 25 Per Share,-,,DIVIDEND,CASH_DISTRIBUTION,false,true
2019-05-06,NESTLEIND,INE239A01016,EQ,Interim Dividend - Rs 23 Per Share,07-May-2019,,DIVIDEND,CASH_DISTRIBUTION,false,true
2019-05-24,TATACONSUM,INE192A01025,EQ,Annual General Meeting/ Dividend - Rs 2.50 Per Share,-,,DIVIDEND,CASH_DISTRIBUTION,false,false
2019-05-28,UPL,INE628A01036,EQ,Dividend - Rs 8 Per Share,29-May-2019,,DIVIDEND,CASH_DISTRIBUTION,true,true
2019-06-03,YESBANK,INE528G01019,EQ,Annual General Meeting/ Dividend - Rs 2 Per Share,-,,DIVIDEND,CASH_DISTRIBUTION,false,false
2019-06-04,TATAPOWER,INE245A01013,EQ,Annual General Meeting/Dividend - Rs 1.30 Per,-,,DIVIDEND,CASH_DISTRIBUTION,false,false
2019-06-06,HINDPETRO,INE094A01015,EQ,Dividend Rs - 9.40 Per Share,-,,DIVIDEND,CASH_DISTRIBUTION,false,false
2019-06-18,BANKBARODA,INE028A01013,EQ,Annual General Meeting,-,,ADMINISTRATIVE,NO_ECONOMIC_EFFECT,false,false
2019-06-19,SHRIRAMFIN,INE721A01013,EQ,Annual General Meeting/Dividend - Rs 7 Per Share,-,,DIVIDEND,CASH_DISTRIBUTION,false,false
2019-07-02,UPL,INE628A01036,EQ,Bonus 1:2,03-Jul-2019,,BONUS,SHARE_RATIO_ACTION,true,true
2019-07-04,VEDL,INE205A01025,EQ,Annual General Meeting,-,,ADMINISTRATIVE,NO_ECONOMIC_EFFECT,true,true
2019-07-08,JSWSTEEL,INE019A01020,EQ,Annual General Meeting/Dividend Rs 4.10 Per Share,-,,DIVIDEND,CASH_DISTRIBUTION,true,true
2019-07-09,GAIL,INE129A01019,EQ,Bonus 1:1,10-Jul-2019,,BONUS,SHARE_RATIO_ACTION,false,false
2019-07-11,BAJAJFINSV,INE918I01018,EQ,Annual General Meeting/ Dividend - Rs 2.50 Per Share,-,,DIVIDEND,CASH_DISTRIBUTION,true,true
2019-07-11,BAJFINANCE,INE296A01016,EQ,Annual General Meeting/ Dividend - Rs 6 Per Share,-,,DIVIDEND,CASH_DISTRIBUTION,true,true
2019-07-11,HDFCLIFE,INE795G01014,EQ,Annual General Meeting,-,,ADMINISTRATIVE,NO_ECONOMIC_EFFECT,false,false
2019-07-15,ZEEL,INE256A01028,EQ,Annual General Meeting/ Dividend - Rs 3.50 Per Share,16-Jul-2019,,DIVIDEND,CASH_DISTRIBUTION,false,false
2019-07-16,HEROMOTOCO,INE158A01026,EQ,Annual General Meeting/Dividend - Rs 32 Per Share,-,,DIVIDEND,CASH_DISTRIBUTION,false,false
2019-07-19,HDFC,INE001A01028,EQ,Annual General Meeting/Dividend - Rs 17.50 Per Share,-,,DIVIDEND,CASH_DISTRIBUTION,false,false
2019-07-19,TRENT,INE849A01012,EQ,Annual General Meeting/Dividend - Rs 1.30 Per Share,-,,DIVIDEND,CASH_DISTRIBUTION,false,false
2019-07-29,ADANIENT,INE423A01024,EQ,Annual General Meeting/Dividend - Rs 0.40 Per Share,-,,DIVIDEND,CASH_DISTRIBUTION,false,false
2019-07-29,LUPIN,INE326A01029,EQ,Annual General Meeting/Dividend - Rs 5 Per Share,-,,DIVIDEND,CASH_DISTRIBUTION,false,false
2019-07-29,TITAN,INE280A01010,EQ,Annual General Meeting/ Dividend - Rs 5 Per Share,-,,DIVIDEND,CASH_DISTRIBUTION,true,true
2019-07-31,SHREECEM,INE070A01015,EQ,Dividend - Rs 35 Per Share,-,,DIVIDEND,CASH_DISTRIBUTION,false,true
2019-08-01,BRITANNIA,INE216A01014,EQ,Annual General Meeting/ Dividend - Rs 15 Per Share,-,,DIVIDEND,CASH_DISTRIBUTION,true,true
2019-08-08,GAIL,INE129A01019,EQ,Dividend - Rs 0.885 Per Share,-,,DIVIDEND,CASH_DISTRIBUTION,false,false
2019-08-08,GRASIM,INE047A01013,EQ,Annual General Meeting/Dividend - Rs 7 Per Sh,-,,DIVIDEND,CASH_DISTRIBUTION,true,true
2019-08-08,INDUSINDBK,INE095A01012,EQ,Annual General Meeting/Dividend - Rs 7.50 Per Share,-,,DIVIDEND,CASH_DISTRIBUTION,false,false
2019-08-09,NESTLEIND,INE239A01016,EQ,Interim Dividend - Rs 23 Per Share/ Special Dividend - Rs180 Per Share,13-Aug-2019,,DIVIDEND,CASH_DISTRIBUTION,false,true
2019-08-14,BOSCHLTD,INE323A01026,EQ,Annual General Meeting/Dividend Rs 105 Per Share,-,,DIVIDEND,CASH_DISTRIBUTION,false,false
2019-08-14,DIVISLAB,INE361B01024,EQ,Annual General Meeting/Dividend - Rs 16 Per Share,-,,DIVIDEND,CASH_DISTRIBUTION,false,false
2019-08-16,IDEA,INE669E01016,EQ,Annual General Meeting,-,,ADMINISTRATIVE,NO_ECONOMIC_EFFECT,false,false
2019-08-19,INDIGO,INE646L01027,EQ,Annual General Meeting/Dividend - Rs 5 Per Share,-,,DIVIDEND,CASH_DISTRIBUTION,false,false
2019-08-20,BEL,INE263A01016,EQ,Annual General Meeting/Dividend - Rs 1.70 Per Share,-,,DIVIDEND,CASH_DISTRIBUTION,false,false
2019-08-21,AUROPHARMA,INE406A01029,EQ,Annual General Meeting,-,,ADMINISTRATIVE,NO_ECONOMIC_EFFECT,false,false
2019-08-21,BPCL,INE029A01011,EQ,Dividend - Rs 8 Per Share,-,,DIVIDEND,CASH_DISTRIBUTION,false,false
2019-08-21,IOC,INE242A01010,EQ,Annual General Meeting/Dividend - Re 1 Per Share,-,,DIVIDEND,CASH_DISTRIBUTION,true,true
2019-08-22,BRITANNIA,INE216A01014,EQ,Scheme Of Arangement- Bonus - 1 Debenture For 1 Equity Share Held,23-Aug-2019,,SCHEME,REQUIRES_SECURITY_CONVERSION_RECONCILIATION,true,true
2019-09-11,BHEL,INE257A01018,EQ,Annual General Meeting/Dividend - Rs 1.20 Per Share,-,,DIVIDEND,CASH_DISTRIBUTION,false,false
2019-09-12,APOLLOHOSP,INE437A01016,EQ,Annual General Meeting/Dividend - Rs 6 Per Share,-,,DIVIDEND,CASH_DISTRIBUTION,false,false
2019-11-07,SHRIRAMFIN,INE721A01013,EQ,Interim Dividend-Rs 5 Per Sh,08-Nov-2019,,DIVIDEND,CASH_DISTRIBUTION,false,false
2019-11-21,AUROPHARMA,INE406A01029,EQ,Interim Dividend - Rs 1.25 Per Share,23-Nov-2019,,DIVIDEND,CASH_DISTRIBUTION,false,false
2019-12-10,NESTLEIND,INE239A01016,EQ,Interim Dividend - Rs 55 Per Share,11-Dec-2019,,DIVIDEND,CASH_DISTRIBUTION,true,true
2020-02-11,BEL,INE263A01016,EQ,Interim Dividend - Rs 1.40 Per Share,12-Feb-2020,,DIVIDEND,CASH_DISTRIBUTION,false,false
2020-02-17,AUROPHARMA,INE406A01029,EQ,Interim Dividend - Rs 1.75 Per Share,18-Feb-2020,,DIVIDEND,CASH_DISTRIBUTION,false,false
2020-02-17,GAIL,INE129A01019,EQ,Interim Dividend - Rs 6.4 Per Share,18-Feb-2020,,DIVIDEND,CASH_DISTRIBUTION,false,false
2020-02-17,HEROMOTOCO,INE158A01026,EQ,Interim Dividend - Rs 65 Per Sh,18-Feb-2020,,DIVIDEND,CASH_DISTRIBUTION,false,false
2020-02-24,SHREECEM,INE070A01015,EQ,Interim Dividend - Rs 110 Per Share,25-Feb-2020,,DIVIDEND,CASH_DISTRIBUTION,false,true
2020-02-25,APOLLOHOSP,INE437A01016,EQ,Interim Dividend - Rs 3.25 Per Share,26-Feb-2020,,DIVIDEND,CASH_DISTRIBUTION,false,false
2020-02-25,DIVISLAB,INE361B01024,EQ,Interim Dividend - Rs 16 Per Share,26-Feb-2020,,DIVIDEND,CASH_DISTRIBUTION,false,true
2020-03-03,BAJAJFINSV,INE918I01018,EQ,Interim Dividend - Rs 5 Per Share,04-Mar-2020,,DIVIDEND,CASH_DISTRIBUTION,true,true
2020-03-03,BAJFINANCE,INE296A01016,EQ,Interim Dividend - Rs 10 Per Share,04-Mar-2020,,DIVIDEND,CASH_DISTRIBUTION,true,true
2020-03-05,VEDL,INE205A01025,EQ,Interim Dividend - Rs 3.9 Per Share,07-Mar-2020,,DIVIDEND,CASH_DISTRIBUTION,true,true
2020-03-23,ADANIENT,INE423A01024,EQ,Interim Dividend - Re 1 Per Share,25-Mar-2020,,DIVIDEND,CASH_DISTRIBUTION,false,false
2020-03-23,BPCL,INE029A01011,EQ,Interim Dividend - Rs 16.50 Per Share,24-Mar-2020,,DIVIDEND,CASH_DISTRIBUTION,false,false
2020-03-23,IOC,INE242A01010,EQ,Interim Dividend - Rs 4.25 Per Share,25-Mar-2020,,DIVIDEND,CASH_DISTRIBUTION,true,true
2020-03-27,ACC,INE012A01025,EQ,Dividend - Rs 14 Per Share,30-Mar-2020,,DIVIDEND,CASH_DISTRIBUTION,false,false
2020-04-03,AMBUJACEM,INE079A01024,EQ,Dividend - Rs 1.50 Per Share,07-Apr-2020,,DIVIDEND,CASH_DISTRIBUTION,false,false
2020-04-29,BRITANNIA,INE216A01014,EQ,Interim Dividend-Rs 35 Per Share,02-May-2020,,DIVIDEND,CASH_DISTRIBUTION,true,true
2020-05-19,ACC,INE012A01025,EQ,Interim Dividend - Rs 14 Per Share,20-May-2020,,DIVIDEND,CASH_DISTRIBUTION,false,false
2020-05-19,AMBUJACEM,INE079A01024,EQ,Interim Dividend - Rs 1.50 Per Share,20-May-2020,,DIVIDEND,CASH_DISTRIBUTION,false,false
2020-06-11,NESTLEIND,INE239A01016,EQ,Annual General Meeting/Dividend - Rs 61 Per Share,-,,DIVIDEND,CASH_DISTRIBUTION,true,true
2020-06-17,ADANIENT,INE423A01024,EQ,Annual General Meeting,-,,ADMINISTRATIVE,NO_ECONOMIC_EFFECT,false,false
2020-06-18,TATACONSUM,INE192A01025,EQ,Annual General Meeting/Dividend -Rs 2.70 Per Share,-,,DIVIDEND,CASH_DISTRIBUTION,false,true
2020-06-29,BRITANNIA,INE216A01014,EQ,Annual General Meeting,-,,ADMINISTRATIVE,NO_ECONOMIC_EFFECT,true,true
2020-07-02,HINDPETRO,INE094A01015,EQ,Dividend - Rs 9.75 Per Share,-,,DIVIDEND,CASH_DISTRIBUTION,false,false
2020-07-06,JSWSTEEL,INE019A01020,EQ,Dividend - Rs 2 Per Share,-,,DIVIDEND,CASH_DISTRIBUTION,true,true
2020-07-09,HDFC,INE001A01028,EQ,Annual General Meeting/Dividend - Rs 21 Per Share,-,,DIVIDEND,CASH_DISTRIBUTION,false,false
2020-07-09,SHRIRAMFIN,INE721A01013,EQ,Rights 3:26 @ Premium Rs 560/-,10-Jul-2020,,RIGHTS,REQUIRES_EX_RIGHTS_TREATMENT,false,false
2020-07-14,TATAPOWER,INE245A01013,EQ,Annual General Meeting/Dividend - Rs 1.55 Per Share,-,,DIVIDEND,CASH_DISTRIBUTION,false,false
2020-07-22,BANKBARODA,INE028A01013,EQ,Annual General Meeting,-,,ADMINISTRATIVE,NO_ECONOMIC_EFFECT,false,false
2020-07-24,TRENT,INE849A01012,EQ,Annual General Meeting/Dividend - Re 1 Per Share,-,,DIVIDEND,CASH_DISTRIBUTION,false,false
2020-07-30,HEROMOTOCO,INE158A01026,EQ,Annual General Meeting/Dividend - Rs 25 Per Share,-,,DIVIDEND,CASH_DISTRIBUTION,false,false
2020-08-03,BOSCHLTD,INE323A01026,EQ,Annual General Meeting/Dividend - Rs 105 Per Share,-,,DIVIDEND,CASH_DISTRIBUTION,false,false
2020-08-03,LUPIN,INE326A01029,EQ,Annual General Meeting/Dividend - Rs  6 Per Share,-,,DIVIDEND,CASH_DISTRIBUTION,false,false
2020-08-03,TITAN,INE280A01010,EQ,Annual General Meeting/Dividend - Rs 4 Per Share,-,,DIVIDEND,CASH_DISTRIBUTION,true,true
2020-08-11,SHRIRAMFIN,INE721A01013,EQ,Annual General Meeting,-,,ADMINISTRATIVE,NO_ECONOMIC_EFFECT,false,false
2020-08-19,UPL,INE628A01036,EQ,Dividend - Rs 6 Per Sh,-,,DIVIDEND,CASH_DISTRIBUTION,true,true
2020-08-21,AUROPHARMA,INE406A01029,EQ,Annual General Meeting/Interim Dividend - Rs 1.25 Per Share,-,,DIVIDEND,CASH_DISTRIBUTION,false,false
2020-08-26,BRITANNIA,INE216A01014,EQ,Interim Dividend - Rs 83 Per Share,27-Aug-2020,,DIVIDEND,CASH_DISTRIBUTION,true,true
2020-08-26,GRASIM,INE047A01013,EQ,Dividend - Rs 4 Per Share,-,,DIVIDEND,CASH_DISTRIBUTION,true,true
2020-08-27,INDIGO,INE646L01027,EQ,Annual General Meeting,-,,ADMINISTRATIVE,NO_ECONOMIC_EFFECT,false,false
2020-09-04,DIVISLAB,INE361B01024,EQ,Annual General Meeting,-,,ADMINISTRATIVE,NO_ECONOMIC_EFFECT,false,true
2020-09-10,ZEEL,INE256A01028,EQ,Annual General Meeting/Dividend - Rs 0.30 Per Share,11-Sep-2020,,DIVIDEND,CASH_DISTRIBUTION,false,false
2020-09-15,BEL,INE263A01016,EQ,Annual General Meeting/Dividend - Rs 1.40 Per Share,-,,DIVIDEND,CASH_DISTRIBUTION,false,false
2020-09-17,APOLLOHOSP,INE437A01016,EQ,Annual General Meeting/Dividend - Rs 2.75 Per Share,-,,DIVIDEND,CASH_DISTRIBUTION,false,false
2020-09-18,BHEL,INE257A01018,EQ,Annual General Meeting,21-Sep-2020,,ADMINISTRATIVE,NO_ECONOMIC_EFFECT,false,false
2020-09-18,BPCL,INE029A01011,EQ,Annual General Meeting,-,,ADMINISTRATIVE,NO_ECONOMIC_EFFECT,false,false
2020-09-21,IDEA,INE669E01016,EQ,Annual General Meeting,-,,ADMINISTRATIVE,NO_ECONOMIC_EFFECT,false,false
2020-09-23,VEDL,INE205A01025,EQ,Annual General Meeting,-,,ADMINISTRATIVE,NO_ECONOMIC_EFFECT,false,false
2020-10-28,VEDL,INE205A01025,EQ,Interim Dividend - Rs 9.50 Per Share,31-Oct-2020,,DIVIDEND,CASH_DISTRIBUTION,false,false
2020-10-29,NESTLEIND,INE239A01016,EQ,Interim Dividned - Rs 135 Per Share,02-Nov-2020,,DIVIDEND,CASH_DISTRIBUTION,true,true
2020-11-05,AMBUJACEM,INE079A01024,EQ,Interim Dividend-Rs 17 Per Share,06-Nov-2020,,DIVIDEND,CASH_DISTRIBUTION,false,false
2020-11-09,SHRIRAMFIN,INE721A01013,EQ,Interim Dividend - Rs 6 Per Share,10-Nov-2020,,DIVIDEND,CASH_DISTRIBUTION,false,false
2020-11-23,AUROPHARMA,INE406A01029,EQ,Interim Dividend - Rs  1.25 Per Share,24-Nov-2020,,DIVIDEND,CASH_DISTRIBUTION,false,false
2021-01-27,GAIL,INE129A01019,EQ,Buyback,28-Jan-2021,,BUYBACK,NO_MECHANICAL_PRICE_ADJUSTMENT,false,false
2021-01-27,GAIL,INE129A01019,EQ,Interim Dividend - Rs 2.50 Per Share,28-Jan-2021,,DIVIDEND,CASH_DISTRIBUTION,false,false
2021-02-08,BEL,INE263A01016,EQ,Interim Dividend - Rs 1.40 Per Share,09-Feb-2021,,DIVIDEND,CASH_DISTRIBUTION,false,false
2021-02-09,IOC,INE242A01010,EQ,Interim Dividend - Rs 7.50  Per Share,10-Feb-2021,,DIVIDEND,CASH_DISTRIBUTION,true,true
2021-02-15,HEROMOTOCO,INE158A01026,EQ,Interim Dividend - Rs 65 Per Share Special Dividend - Rs 5 Per Share,16-Feb-2021,,DIVIDEND,CASH_DISTRIBUTION,false,false
2021-02-17,BPCL,INE029A01011,EQ,Interim Dividend - Rs 16 Per Share,19-Feb-2021,,DIVIDEND,CASH_DISTRIBUTION,false,false
2021-02-22,AUROPHARMA,INE406A01029,EQ,Interim Dividend - Rs 1.50 Per Share,23-Feb-2021,,DIVIDEND,CASH_DISTRIBUTION,false,false
2021-03-19,AMBUJACEM,INE079A01024,EQ,Dividend - Re 1 Per Share,22-Mar-2021,,DIVIDEND,CASH_DISTRIBUTION,false,false
2021-03-22,GAIL,INE129A01019,EQ,Interim Dividend - Rs 2.5 Per Share,23-Mar-2021,,DIVIDEND,CASH_DISTRIBUTION,false,false
2021-03-23,BEL,INE263A01016,EQ,Interim Dividend - Rs 1.40  Per Share,24-Mar-2021,,DIVIDEND,CASH_DISTRIBUTION,false,false
2021-03-23,IOC,INE242A01010,EQ,Interim Dividend - Rs 3 Per Share,24-Mar-2021,,DIVIDEND,CASH_DISTRIBUTION,true,true
2021-03-25,BPCL,INE029A01011,EQ,Interim Dividend - Rs 5 Per Share,27-Mar-2021,,DIVIDEND,CASH_DISTRIBUTION,false,false
2021-03-30,ACC,INE012A01025,EQ,Annual General Meeting/Dividend - Rs 14 Per Share,31-Mar-2021,,DIVIDEND,CASH_DISTRIBUTION,false,false
2021-04-05,SBILIFE,INE123W01016,EQ,Interim Dividend - Rs 2.5 Per Share,06-Apr-2021,,DIVIDEND,CASH_DISTRIBUTION,true,true
2021-04-05,SHRIRAMFIN,INE721A01013,EQ,Interim Dividend - Rs 6 Per Share,06-Apr-2021,,DIVIDEND,CASH_DISTRIBUTION,false,false
2021-04-08,BRITANNIA,INE216A01014,EQ,Interim Dividend - Rs 62 Per Share,10-Apr-2021,,DIVIDEND,CASH_DISTRIBUTION,true,true
2021-04-29,NESTLEIND,INE239A01016,EQ,Annual General Meeting/Dividend - Rs 65 Per Share,-,,DIVIDEND,CASH_DISTRIBUTION,true,true
2021-04-29,NESTLEIND,INE239A01016,EQ,Interim Dividend - Rs 25 Per Share,-,,DIVIDEND,CASH_DISTRIBUTION,true,true
2021-05-25,BRITANNIA,INE216A01014,EQ,Dividend - Rs 12.50 Per Share Pursuant To Scheme,27-May-2021,,DIVIDEND,CASH_DISTRIBUTION,true,true
2021-05-25,BRITANNIA,INE216A01014,EQ,Scheme Of Arangement- Bonus - 1 Debenture For 1 Equity Share Held,27-May-2021,,SCHEME,REQUIRES_SECURITY_CONVERSION_RECONCILIATION,true,true
2021-05-31,HDFC,INE001A01028,EQ,Dividend - Rs 23 Per Sh,01-Jun-2021,,DIVIDEND,CASH_DISTRIBUTION,false,false
2021-06-10,TATACONSUM,INE192A01025,EQ,Annual General Meeting/Dividend - Rs 4.05 Per Share,-,,DIVIDEND,CASH_DISTRIBUTION,true,true
2021-06-16,SHRIRAMFIN,INE721A01013,EQ,Annual General Meeting/Dividend - Rs 6 Per Share,-,,DIVIDEND,CASH_DISTRIBUTION,false,false
2021-06-17,TATAPOWER,INE245A01013,EQ,Dividend - Rs 1.55 Per Share,-,,DIVIDEND,CASH_DISTRIBUTION,false,false
2021-06-30,BANKBARODA,INE028A01013,EQ,Annual General Meeting,-,,ADMINISTRATIVE,NO_ECONOMIC_EFFECT,false,false
2021-06-30,HDFCLIFE,INE795G01014,EQ,Dividend - Rs 2.02 Per Sh,01-Jul-2021,,DIVIDEND,CASH_DISTRIBUTION,true,true
2021-07-01,ADANIENT,INE423A01024,EQ,Dividend - Re 1 Per Share,02-Jul-2021,,DIVIDEND,CASH_DISTRIBUTION,false,false
2021-07-05,JSWSTEEL,INE019A01020,EQ,Annual General Meeting/Dividend - Rs 6.50 Per Share,-,,DIVIDEND,CASH_DISTRIBUTION,true,true
2021-07-08,BAJAJFINSV,INE918I01018,EQ,Annual General Meeting/Dividend - Rs 3 Per Share,-,,DIVIDEND,CASH_DISTRIBUTION,true,true
2021-07-08,BAJFINANCE,INE296A01016,EQ,Annual General Meeting/Dividend - Rs 10 Per Share,-,,DIVIDEND,CASH_DISTRIBUTION,true,true
2021-07-08,HINDPETRO,INE094A01015,EQ,Dividend - Rs 22.75  Per Share,-,,DIVIDEND,CASH_DISTRIBUTION,false,false
2021-07-09,TRENT,INE849A01012,EQ,Annual General Meeting/Dividend - Re 0.60 Per Share,-,,DIVIDEND,CASH_DISTRIBUTION,false,false
2021-07-12,BOSCHLTD,INE323A01026,EQ,Annual General Meeting/Dividend - Rs 115 Per Share,-,,DIVIDEND,CASH_DISTRIBUTION,false,false
2021-07-14,UPL,INE628A01036,EQ,Dividend - Rs 10 Per Share,-,,DIVIDEND,CASH_DISTRIBUTION,true,true
2021-07-22,HEROMOTOCO,INE158A01026,EQ,Annual General Meeting/Dividend - Rs 25 Per Share/ Special Dividend - Rs 10 Per Share,-,,DIVIDEND,CASH_DISTRIBUTION,false,false
2021-07-22,SHREECEM,INE070A01015,EQ,Dividend - Rs 60 Per Share,24-Jul-2021,,DIVIDEND,CASH_DISTRIBUTION,true,true
2021-07-22,TITAN,INE280A01010,EQ,Annual General Meeting/Dividend - Rs 4 Per Share,-,,DIVIDEND,CASH_DISTRIBUTION,true,true
2021-07-27,LUPIN,INE326A01029,EQ,Dividend - Rs 6.50 Per Share,28-Jul-2021,,DIVIDEND,CASH_DISTRIBUTION,false,false
2021-08-03,VEDL,INE205A01025,EQ,Annual General Meeting,-,,ADMINISTRATIVE,NO_ECONOMIC_EFFECT,false,false
2021-08-05,IOC,INE242A01010,EQ,Dividend - Rs 1.50 Per Share,06-Aug-2021,,DIVIDEND,CASH_DISTRIBUTION,true,true
2021-08-12,GRASIM,INE047A01013,EQ,Annual General Meeting/Dividend - Rs 5  Per Share/ Special Dividend - Rs 4 Per Share,-,,DIVIDEND,CASH_DISTRIBUTION,true,true
2021-08-17,DIVISLAB,INE361B01024,EQ,Dividend - Rs 20 Per Share,-,,DIVIDEND,CASH_DISTRIBUTION,true,true
2021-08-17,INDUSINDBK,INE095A01012,EQ,Dividend - Rs 5 Per Share,19-Aug-2021,,DIVIDEND,CASH_DISTRIBUTION,false,false
2021-08-18,APOLLOHOSP,INE437A01016,EQ,Annual General Meeting/Dividend - Rs 3 Per Share,-,,DIVIDEND,CASH_DISTRIBUTION,false,true
2021-08-20,AUROPHARMA,INE406A01029,EQ,Annual General Meeting,-,,ADMINISTRATIVE,NO_ECONOMIC_EFFECT,false,false
2021-08-23,INDIGO,INE646L01027,EQ,Annual General Meeting,-,,ADMINISTRATIVE,NO_ECONOMIC_EFFECT,false,false
2021-08-27,AUROPHARMA,INE406A01029,EQ,Interim Dividend - Rs 1.50 Per Share,30-Aug-2021,,DIVIDEND,CASH_DISTRIBUTION,false,false
2021-08-30,BRITANNIA,INE216A01014,EQ,Annual General Meeting,-,,ADMINISTRATIVE,NO_ECONOMIC_EFFECT,true,true
2021-09-02,ZEEL,INE256A01028,EQ,Annual General Meeting/Dividend - Rs 2.50 Per Share,03-Sep-2021,,DIVIDEND,CASH_DISTRIBUTION,false,false
2021-09-08,VEDL,INE205A01025,EQ,Interim Dividend - Rs 18.50 Per Share,09-Sep-2021,,DIVIDEND,CASH_DISTRIBUTION,false,false
2021-09-14,BEL,INE263A01016,EQ,Annual General Meeting/Dividend - Rs 1.20 Per Share,-,,DIVIDEND,CASH_DISTRIBUTION,false,false
2021-09-15,BHEL,INE257A01018,EQ,Annual General Meeting,16-Sep-2021,,ADMINISTRATIVE,NO_ECONOMIC_EFFECT,false,false
2021-09-16,BPCL,INE029A01011,EQ,Annual General Meeting/Dividend - Rs 23 Per Share/Special Dividend - Rs 35 Per Share,-,,DIVIDEND,CASH_DISTRIBUTION,false,false
2021-09-20,IDEA,INE669E01016,EQ,Annual General Meeting,-,,ADMINISTRATIVE,NO_ECONOMIC_EFFECT,false,false
2021-10-26,NESTLEIND,INE239A01016,EQ,Interim Dividend - Rs 110 Per Share,27-Oct-2021,,DIVIDEND,CASH_DISTRIBUTION,true,true
2021-11-09,SHRIRAMFIN,INE721A01013,EQ,Interim Dividend - Rs 8 Per Share,10-Nov-2021,,DIVIDEND,CASH_DISTRIBUTION,false,false
2021-11-11,BPCL,INE029A01011,EQ,Interim Dividend - Rs 5 Per Share,12-Nov-2021,,DIVIDEND,CASH_DISTRIBUTION,false,false
2021-11-11,IOC,INE242A01010,EQ,Interim Dividend - Rs 5 Per Share,12-Nov-2021,,DIVIDEND,CASH_DISTRIBUTION,true,true
2021-11-17,AUROPHARMA,INE406A01029,EQ,Interim Dividend - Rs 1.50 Per Share,18-Nov-2021,,DIVIDEND,CASH_DISTRIBUTION,false,false
2021-12-17,VEDL,INE205A01025,EQ,Interim Dividend - Rs  13.50 Per Share,20-Dec-2021,,DIVIDEND,CASH_DISTRIBUTION,false,false
2021-12-30,GAIL,INE129A01019,EQ,Interim Dividend - Rs 4 Per Share,31-Dec-2021,,DIVIDEND,CASH_DISTRIBUTION,false,false
2022-02-09,BEL,INE263A01016,EQ,Interim Dividend - Rs 1.50 Per Share,10-Feb-2022,,DIVIDEND,CASH_DISTRIBUTION,false,false
2022-02-09,IOC,INE242A01010,EQ,Interim Dividend - Rs  4 Per Share,10-Feb-2022,,DIVIDEND,CASH_DISTRIBUTION,true,false
2022-02-10,BPCL,INE029A01011,EQ,Interim Dividend - Rs 5 Per Share,11-Feb-2022,,DIVIDEND,CASH_DISTRIBUTION,false,false
2022-02-10,SHREECEM,INE070A01015,EQ,Interim Dividend - Rs 45 Per Share,12-Feb-2022,,DIVIDEND,CASH_DISTRIBUTION,true,true
2022-02-18,AUROPHARMA,INE406A01029,EQ,Interim Dividend - Rs 1.50 Per Share,21-Feb-2022,,DIVIDEND,CASH_DISTRIBUTION,false,false
2022-02-21,HEROMOTOCO,INE158A01026,EQ,Interim Dividend - Rs 60 Per Share,22-Feb-2022,,DIVIDEND,CASH_DISTRIBUTION,false,false
2022-02-22,TRENT,INE849A01012,EQ,Interim Dividend - Rs 0.60 Per Share,23-Feb-2022,,DIVIDEND,CASH_DISTRIBUTION,false,false
2022-03-09,VEDL,INE205A01025,EQ,Interim Dividend,10-Mar-2022,,DIVIDEND,CASH_DISTRIBUTION,false,false
2022-03-11,SHRIRAMFIN,INE721A01013,EQ,Interim Dividend - Rs 12 Per Share,14-Mar-2022,,DIVIDEND,CASH_DISTRIBUTION,false,false
2022-03-21,GAIL,INE129A01019,EQ,Interim Dividend - Rs 5  Per Share,22-Mar-2022,,DIVIDEND,CASH_DISTRIBUTION,false,false
2022-03-24,BEL,INE263A01016,EQ,Interim Dividend - Rs 1.50 Per Share,26-Mar-2022,,DIVIDEND,CASH_DISTRIBUTION,false,false
2022-03-29,SBILIFE,INE123W01016,EQ,Interim Dividend - Rs 2 Per Share,30-Mar-2022,,DIVIDEND,CASH_DISTRIBUTION,true,true
2022-03-30,AMBUJACEM,INE079A01024,EQ,Dividend - Rs 6.30 Per Share,01-Apr-2022,,DIVIDEND,CASH_DISTRIBUTION,false,false
2022-04-04,ACC,INE012A01025,EQ,Dividend - Rs 58 Per Share,05-Apr-2022,,DIVIDEND,CASH_DISTRIBUTION,false,false
2022-04-21,GAIL,INE129A01019,EQ,Buyback,22-Apr-2022,,BUYBACK,NO_MECHANICAL_PRICE_ADJUSTMENT,false,false
2022-04-21,NESTLEIND,INE239A01016,EQ,Interim Dividend - Rs 25 Per Sh/Dividend - Rs 65 Per Share,22-Apr-2022,,DIVIDEND,CASH_DISTRIBUTION,true,true
2022-05-06,VEDL,INE205A01025,EQ,Interim Dividend - Rs 31.5 Per Share,09-May-2022,,DIVIDEND,CASH_DISTRIBUTION,false,false
2022-05-20,TRENT,INE849A01012,EQ,Dividend- Rs 1.1 Per Share,23-May-2022,,DIVIDEND,CASH_DISTRIBUTION,false,false
2022-05-31,HDFC,INE001A01028,EQ,Dividend - Rs 30 Per Share,01-Jun-2022,,DIVIDEND,CASH_DISTRIBUTION,false,false
2022-05-31,HDFCLIFE,INE795G01014,EQ,Dividend - Rs 1.70 Per Share,01-Jun-2022,,DIVIDEND,CASH_DISTRIBUTION,true,true
2022-06-06,AUROPHARMA,INE406A01029,EQ,Interim Dividend - Rs 4.50 Per Share,07-Jun-2022,,DIVIDEND,CASH_DISTRIBUTION,false,false
2022-06-09,TATACONSUM,INE192A01025,EQ,Annual General Meeting/Dividend - Rs  6.05 Per Share,-,,DIVIDEND,CASH_DISTRIBUTION,true,true
2022-06-15,SHRIRAMFIN,INE721A01013,EQ,Annual General Meeting,-,,ADMINISTRATIVE,NO_ECONOMIC_EFFECT,false,false
2022-06-15,TATAPOWER,INE245A01013,EQ,Dividend - Rs 1.75 Per Share,-,,DIVIDEND,CASH_DISTRIBUTION,false,false
2022-06-17,BANKBARODA,INE028A01013,EQ,Annual General Meeting/Dividend - Rs 2.85 Per Share,-,,DIVIDEND,CASH_DISTRIBUTION,false,false
2022-06-20,BRITANNIA,INE216A01014,EQ,Annual General Meeting/Dividend - Rs 56.50 Per Share,-,,DIVIDEND,CASH_DISTRIBUTION,true,true
2022-06-30,BAJAJFINSV,INE918I01018,EQ,Dividend - Rs 4 Per Share,01-Jul-2022,,DIVIDEND,CASH_DISTRIBUTION,true,true
2022-06-30,BAJFINANCE,INE296A01016,EQ,Dividend - Rs 20 Per Share,01-Jul-2022,,DIVIDEND,CASH_DISTRIBUTION,true,true
2022-06-30,IOC,INE242A01010,EQ,Bonus 1:2,01-Jul-2022,,BONUS,SHARE_RATIO_ACTION,false,false
2022-07-04,JSWSTEEL,INE019A01020,EQ,Annual General Meeting/Dividend - Rs 17.35 Per Share,-,,DIVIDEND,CASH_DISTRIBUTION,true,true
2022-07-08,TITAN,INE280A01010,EQ,Annual General Meeting/Dividend - Rs 7.50 Per Share,-,,DIVIDEND,CASH_DISTRIBUTION,true,true
2022-07-13,SHREECEM,INE070A01015,EQ,Dividend - Rs 45 Per Share,14-Jul-2022,,DIVIDEND,CASH_DISTRIBUTION,true,false
2022-07-14,ADANIENT,INE423A01024,EQ,Dividend - Re 1 Per Share,15-Jul-2022,,DIVIDEND,CASH_DISTRIBUTION,false,true
2022-07-14,BOSCHLTD,INE323A01026,EQ,Annual General Meeting/Dividend - Rs 110 Per Share/Special Dividend - Rs 100 Per Share,-,,DIVIDEND,CASH_DISTRIBUTION,false,false
2022-07-14,LUPIN,INE326A01029,EQ,Dividend - Rs  4 Per Share,15-Jul-2022,,DIVIDEND,CASH_DISTRIBUTION,false,false
2022-07-26,VEDL,INE205A01025,EQ,Interim Dividend- Rs 19.50 Per Share,27-Jul-2022,,DIVIDEND,CASH_DISTRIBUTION,false,false
2022-07-27,AUROPHARMA,INE406A01029,EQ,Annual General Meeting,-,,ADMINISTRATIVE,NO_ECONOMIC_EFFECT,false,false
2022-07-27,HEROMOTOCO,INE158A01026,EQ,Annual General Meeting/Dividend - Rs  35 Per Share,-,,DIVIDEND,CASH_DISTRIBUTION,false,false
2022-07-27,UPL,INE628A01036,EQ,Dividend - Rs 10 Per Share,-,,DIVIDEND,CASH_DISTRIBUTION,true,true
2022-08-01,GAIL,INE129A01019,EQ,Dividend - Rs 1 Per Share,02-Aug-2022,,DIVIDEND,CASH_DISTRIBUTION,false,false
2022-08-03,VEDL,INE205A01025,EQ,Annual General Meeting,-,,ADMINISTRATIVE,NO_ECONOMIC_EFFECT,false,false
2022-08-08,BEL,INE263A01016,EQ,Annual General Meeting/Dividend - Rs 1.50 Per Share,-,,DIVIDEND,CASH_DISTRIBUTION,false,false
2022-08-11,DIVISLAB,INE361B01024,EQ,Dividend - Rs 30 Per Share,12-Aug-2022,,DIVIDEND,CASH_DISTRIBUTION,true,true
2022-08-11,GRASIM,INE047A01013,EQ,Annual General Meeting/Dividend - Rs 5 Per Share/Special Dividend - Rs 5 Per Share,-,,DIVIDEND,CASH_DISTRIBUTION,true,true
2022-08-11,INDUSINDBK,INE095A01012,EQ,Annual General Meeting/Dividend - Rs 8.50 Per Share,12-Aug-2022,,DIVIDEND,CASH_DISTRIBUTION,false,false
2022-08-11,IOC,INE242A01010,EQ,Dividend - Rs 2.40 Per Share,12-Aug-2022,,DIVIDEND,CASH_DISTRIBUTION,false,false
2022-08-18,APOLLOHOSP,INE437A01016,EQ,Annual General Meeting/Dividend - Rs 11.75 Per Share,-,,DIVIDEND,CASH_DISTRIBUTION,true,true
2022-08-18,IDEA,INE669E01016,EQ,Annual General Meeting,-,,ADMINISTRATIVE,NO_ECONOMIC_EFFECT,false,false
2022-08-18,INDIGO,INE646L01027,EQ,Annual General Meeting,-,,ADMINISTRATIVE,NO_ECONOMIC_EFFECT,false,false
2022-08-19,BPCL,INE029A01011,EQ,Annual General Meeting/Dividend - Rs 6 Per Share,-,,DIVIDEND,CASH_DISTRIBUTION,false,false
2022-08-22,HINDPETRO,INE094A01015,EQ,Dividend - Rs 14 Per Share,23-Aug-2022,,DIVIDEND,CASH_DISTRIBUTION,false,false
2022-09-06,GAIL,INE129A01019,EQ,Bonus 1:2,07-Sep-2022,,BONUS,SHARE_RATIO_ACTION,false,false
2022-09-13,BAJAJFINSV,INE918I01018,EQ,Bonus 1:1,14-Sep-2022,,BONUS,SHARE_RATIO_ACTION,true,true
2022-09-13,BAJAJFINSV,INE918I01018,EQ,Face Value Split (Sub-Division) - From Rs 5/- Per Share To Re 1/- Per Share,14-Sep-2022,,SPLIT,SHARE_RATIO_ACTION,true,true
2022-09-15,BEL,INE263A01016,EQ,Bonus 2:1,16-Sep-2022,,BONUS,SHARE_RATIO_ACTION,false,false
2022-09-15,BHEL,INE257A01018,EQ,Dividend - Re 0.40 Per Share,16-Sep-2022,,DIVIDEND,CASH_DISTRIBUTION,false,false
2022-09-15,ZEEL,INE256A01028,EQ,Annual General Meeting/Dividend - Rs 3 Per Share,16-Sep-2022,,DIVIDEND,CASH_DISTRIBUTION,false,false
2022-10-31,NESTLEIND,INE239A01016,EQ,Interim Dividend - Rs 120 Per Share,01-Nov-2022,,DIVIDEND,CASH_DISTRIBUTION,true,true
2022-11-29,VEDL,INE205A01025,EQ,Interim Dividend - Rs 17.50 Per Share,30-Nov-2022,,DIVIDEND,CASH_DISTRIBUTION,false,false
2023-01-03,SHRIRAMFIN,INE721A01013,EQ,Interim Dividend - Rs 15 Per Share,04-Jan-2023,,DIVIDEND,CASH_DISTRIBUTION,false,false
2023-02-03,VEDL,INE205A01025,EQ,Interim Dividend - Rs 12.50 Per Share,04-Feb-2023,,DIVIDEND,CASH_DISTRIBUTION,false,false
2023-02-10,BEL,INE263A01016,EQ,Interim Dividend - Re 0.60 Per Share,10-Feb-2023,,DIVIDEND,CASH_DISTRIBUTION,false,false
2023-02-16,SHREECEM,INE070A01015,EQ,Interim Dividend - Rs   45 Per Share,16-Feb-2023,,DIVIDEND,CASH_DISTRIBUTION,false,false
2023-02-17,AUROPHARMA,INE406A01029,EQ,Interim Dividend - Rs 3 Per Share,17-Feb-2023,,DIVIDEND,CASH_DISTRIBUTION,false,false
2023-02-17,HEROMOTOCO,INE158A01026,EQ,Interim Dividend - Rs  65 Per Share,17-Feb-2023,,DIVIDEND,CASH_DISTRIBUTION,false,false
2023-02-22,BOSCHLTD,INE323A01026,EQ,Interim Dividend - Rs 200 Per Share,22-Feb-2023,,DIVIDEND,CASH_DISTRIBUTION,false,false
2023-02-24,APOLLOHOSP,INE437A01016,EQ,Interim Dividend - Rs  6 Per Share,24-Feb-2023,,DIVIDEND,CASH_DISTRIBUTION,true,true
2023-03-16,SBILIFE,INE123W01016,EQ,Interim Dividend - Rs 2.50 Per Share,16-Mar-2023,,DIVIDEND,CASH_DISTRIBUTION,true,true
2023-03-21,GAIL,INE129A01019,EQ,Interim Dividend - Rs 4 Per Share,21-Mar-2023,,DIVIDEND,CASH_DISTRIBUTION,false,false
2023-03-24,BEL,INE263A01016,EQ,Interim Dividend - Rs 0.60 Per Share,25-Mar-2023,,DIVIDEND,CASH_DISTRIBUTION,false,false
2023-04-06,VEDL,INE205A01025,EQ,Interim Dividend - Rs 20.50 Per Share,07-Apr-2023,,DIVIDEND,CASH_DISTRIBUTION,false,false
2023-04-13,BRITANNIA,INE216A01014,EQ,Interim Dividend - Rs 72 Per Share,13-Apr-2023,,DIVIDEND,CASH_DISTRIBUTION,true,true
2023-04-21,NESTLEIND,INE239A01016,EQ,Final Dividend - Rs 75 Per Share,21-Apr-2023,,DIVIDEND,CASH_DISTRIBUTION,true,true
2023-04-21,NESTLEIND,INE239A01016,EQ,Interim Dividend - Rs  27 Per Share,21-Apr-2023,,DIVIDEND,CASH_DISTRIBUTION,true,true
2023-05-16,HDFC,INE001A01028,EQ,Interim Dividend - Rs 44 Per Share,16-May-2023,,DIVIDEND,CASH_DISTRIBUTION,false,false
2023-05-19,TATACONSUM,INE192A01025,EQ,Annual General Meeting/Dividend - Rs 8.45 Per Share,-,,DIVIDEND,CASH_DISTRIBUTION,true,true
2023-05-25,TRENT,INE849A01012,EQ,Dividend - Rs 2.20 Per Share,25-May-2023,,DIVIDEND,CASH_DISTRIBUTION,false,false
2023-05-30,VEDL,INE205A01025,EQ,Interim Dividend - Rs 18.50 Per Share,30-May-2023,,DIVIDEND,CASH_DISTRIBUTION,false,false
2023-06-01,SHREECEM,INE070A01015,EQ,Interim Dividend - Rs 55 Per Share,01-Jun-2023,,DIVIDEND,CASH_DISTRIBUTION,false,false
2023-06-02,INDUSINDBK,INE095A01012,EQ,Dividend - Rs 14 Per Share,02-Jun-2023,,DIVIDEND,CASH_DISTRIBUTION,false,false
2023-06-07,TATAPOWER,INE245A01013,EQ,Annual General Meeting/Dividend - Rs 2 Per Share,-,,DIVIDEND,CASH_DISTRIBUTION,false,false
2023-06-16,HDFCLIFE,INE795G01014,EQ,Dividend - Rs 1.90 Per Share,16-Jun-2023,,DIVIDEND,CASH_DISTRIBUTION,true,true
2023-06-16,SHRIRAMFIN,INE721A01013,EQ,Annual General Meeting/Dividend - Rs 20 Per Share,-,,DIVIDEND,CASH_DISTRIBUTION,false,true
2023-06-30,BAJAJFINSV,INE918I01018,EQ,Dividend - Rs 0.80 Per Share,30-Jun-2023,,DIVIDEND,CASH_DISTRIBUTION,true,true
2023-06-30,BAJFINANCE,INE296A01016,EQ,Dividend - Rs 30 Per Share,30-Jun-2023,,DIVIDEND,CASH_DISTRIBUTION,true,true
2023-06-30,BANKBARODA,INE028A01013,EQ,Annual General Meeting/Dividend - Rs 5.50 Per Share,-,,DIVIDEND,CASH_DISTRIBUTION,false,false
2023-07-06,VEDL,INE205A01025,EQ,Annual General Meeting,-,,ADMINISTRATIVE,NO_ECONOMIC_EFFECT,false,false
2023-07-07,ACC,INE012A01025,EQ,Dividend - Rs 9.25 Per Share,07-Jul-2023,,DIVIDEND,CASH_DISTRIBUTION,false,false
2023-07-07,ADANIENT,INE423A01024,EQ,Dividend - Rs 1.20 Per Share,07-Jul-2023,,DIVIDEND,CASH_DISTRIBUTION,true,true
2023-07-07,AMBUJACEM,INE079A01024,EQ,Dividend - Rs 2.50 Per Share,07-Jul-2023,,DIVIDEND,CASH_DISTRIBUTION,false,false
2023-07-07,IDEA,INE669E01016,EQ,Annual General Meeting,-,,ADMINISTRATIVE,NO_ECONOMIC_EFFECT,false,false
2023-07-11,JSWSTEEL,INE019A01020,EQ,Annual General Meeting/Dividend - Rs 3.40 Per Share,-,,DIVIDEND,CASH_DISTRIBUTION,true,true
2023-07-13,TITAN,INE280A01010,EQ,Annual General Meeting/Dividend - Rs 10 Per Share,-,,DIVIDEND,CASH_DISTRIBUTION,true,true
2023-07-14,BOSCHLTD,INE323A01026,EQ,Annual General Meeting/Dividend - Rs 280 Per Share,-,,DIVIDEND,CASH_DISTRIBUTION,false,false
2023-07-14,LUPIN,INE326A01029,EQ,Dividend - Rs 4 Per Share,14-Jul-2023,,DIVIDEND,CASH_DISTRIBUTION,false,false
2023-07-27,HEROMOTOCO,INE158A01026,EQ,Annual General Meeting/Dividend - Rs  35 Per Share,-,,DIVIDEND,CASH_DISTRIBUTION,false,false
2023-07-28,IOC,INE242A01010,EQ,Dividend - Rs 3 Per Share,28-Jul-2023,,DIVIDEND,CASH_DISTRIBUTION,false,false
2023-07-28,TATAMTRDVR,IN9155A01012,EQ,Dividend - Rs 2.10 Per Share,-,,DIVIDEND,CASH_DISTRIBUTION,false,false
2023-08-03,UPL,INE628A01036,EQ,Annual General Meeting/Dividend - Rs 10 Per Share,-,,DIVIDEND,CASH_DISTRIBUTION,true,true
2023-08-11,BHEL,INE257A01018,EQ,Dividend - Re 0.40 Per Share,11-Aug-2023,,DIVIDEND,CASH_DISTRIBUTION,false,false
2023-08-11,BPCL,INE029A01011,EQ,Dividend - Rs 4 Per Share,11-Aug-2023,,DIVIDEND,CASH_DISTRIBUTION,false,false
2023-08-11,DIVISLAB,INE361B01024,EQ,Dividend - Rs 30 Per Share,11-Aug-2023,,DIVIDEND,CASH_DISTRIBUTION,true,true
2023-08-11,GRASIM,INE047A01013,EQ,Annual General Meeting/Dividend - Rs 10 Per Share,-,,DIVIDEND,CASH_DISTRIBUTION,true,true
2023-08-17,BEL,INE263A01016,EQ,Annual General Meeting/Dividend - Re 0.60 Per Share,-,,DIVIDEND,CASH_DISTRIBUTION,false,false
2023-08-17,INDIGO,INE646L01027,EQ,Annual General Meeting,-,,ADMINISTRATIVE,NO_ECONOMIC_EFFECT,false,false
2023-08-18,APOLLOHOSP,INE437A01016,EQ,Annual General Meeting/Dividend - Rs 9 Per Share,19-Aug-2023,,DIVIDEND,CASH_DISTRIBUTION,true,true
2023-08-21,BRITANNIA,INE216A01014,EQ,Annual General Meeting,-,,ADMINISTRATIVE,NO_ECONOMIC_EFFECT,true,true
2023-08-22,AUROPHARMA,INE406A01029,EQ,Annual General Meeting,-,,ADMINISTRATIVE,NO_ECONOMIC_EFFECT,false,false
2023-09-08,MAXHEALTH,INE027H01010,EQ,Dividend - Re 1 Per Share,08-Sep-2023,,DIVIDEND,CASH_DISTRIBUTION,false,false
2023-11-01,NESTLEIND,INE239A01016,EQ,Interim Dividend - Rs 140 Per Share,01-Nov-2023,,DIVIDEND,CASH_DISTRIBUTION,true,true
2023-11-06,SHRIRAMFIN,INE721A01013,EQ,Interim Dividend - Rs 20 Per Share,06-Nov-2023,,DIVIDEND,CASH_DISTRIBUTION,false,true
2023-11-10,IOC,INE242A01010,EQ,Interim Dividend - Rs 5 Per Share,10-Nov-2023,,DIVIDEND,CASH_DISTRIBUTION,false,false
2023-11-20,AUROPHARMA,INE406A01029,EQ,Interim Dividend - Rs 3 Per Share,20-Nov-2023,,DIVIDEND,CASH_DISTRIBUTION,false,false
2023-12-12,BPCL,INE029A01011,EQ,Interim Dividend - Rs 21 Per Share,12-Dec-2023,,DIVIDEND,CASH_DISTRIBUTION,false,false
2023-12-27,VEDL,INE205A01025,EQ,Interim Dividend - Rs 11 Per Share,27-Dec-2023,,DIVIDEND,CASH_DISTRIBUTION,false,false
2024-01-05,NESTLEIND,INE239A01016,EQ,Face Value Split (Sub-Division) - From Rs10/- Per Share To Re 1/- Per Share,05-Jan-2024,,SPLIT,SHARE_RATIO_ACTION,true,true
2024-01-10,GRASIM,INE047A01013,EQ,Rights 6:179 @ Premium Rs 1810/-,10-Jan-2024,,RIGHTS,REQUIRES_EX_RIGHTS_TREATMENT,true,true
2024-02-06,GAIL,INE129A01019,EQ,Interim Dividend - Rs 5.50 Per Share,06-Feb-2024,,DIVIDEND,CASH_DISTRIBUTION,false,false
2024-02-06,SHRIRAMFIN,INE721A01013,EQ,Interim Dividend - Rs 10 Per Share,06-Feb-2024,,DIVIDEND,CASH_DISTRIBUTION,false,true
2024-02-07,HINDPETRO,INE094A01015,EQ,Interim Dividend - Rs 15 Per Share,07-Feb-2024,,DIVIDEND,CASH_DISTRIBUTION,false,false
2024-02-08,SHREECEM,INE070A01015,EQ,Interim Dividend - Rs 50 Per Share,08-Feb-2024,,DIVIDEND,CASH_DISTRIBUTION,false,false
2024-02-09,BEL,INE263A01016,EQ,Interim Dividend - Re 0.70 Per Share,10-Feb-2024,,DIVIDEND,CASH_DISTRIBUTION,false,true
2024-02-15,NESTLEIND,INE239A01016,EQ,Interim Dividend - Rs 7 Per Share,15-Feb-2024,,DIVIDEND,CASH_DISTRIBUTION,true,true
2024-02-20,APOLLOHOSP,INE437A01016,EQ,Interim Dividend - Rs  6 Per Share,20-Feb-2024,,DIVIDEND,CASH_DISTRIBUTION,true,true
2024-02-20,AUROPHARMA,INE406A01029,EQ,Interim Dividend - Rs  1.50 Per Share,20-Feb-2024,,DIVIDEND,CASH_DISTRIBUTION,false,false
2024-02-21,HEROMOTOCO,INE158A01026,EQ,Interim Dividend - Rs 75 Per Share/ Special Dividend - Rs 25 Per Share,21-Feb-2024,,DIVIDEND,CASH_DISTRIBUTION,false,false
2024-02-23,BOSCHLTD,INE323A01026,EQ,Interim Dividend - Rs 205 Per Share,23-Feb-2024,,DIVIDEND,CASH_DISTRIBUTION,false,false
2024-03-15,SBILIFE,INE123W01016,EQ,Interim Dividend - Rs 2.70 Per Share,16-Mar-2024,,DIVIDEND,CASH_DISTRIBUTION,true,true
2024-03-22,BEL,INE263A01016,EQ,Interim Dividend - Re 0.70 Per Share,23-Mar-2024,,DIVIDEND,CASH_DISTRIBUTION,false,true
2024-05-22,TRENT,INE849A01012,EQ,Dividend - Rs 3.20 Per Share,22-May-2024,,DIVIDEND,CASH_DISTRIBUTION,false,true
2024-05-24,TATACONSUM,INE192A01025,EQ,Dividend - Rs 7.75 Per Share,24-May-2024,,DIVIDEND,CASH_DISTRIBUTION,true,true
2024-05-24,VEDL,INE205A01025,EQ,Interim Dividend - Rs 11 Per Share,25-May-2024,,DIVIDEND,CASH_DISTRIBUTION,false,false
2024-06-11,TATAMTRDVR,IN9155A01012,EQ,Dividend - Rs 3.10 Per Share & Special Dividend - Rs 3.10 Per Share,11-Jun-2024,,DIVIDEND,CASH_DISTRIBUTION,false,false
2024-06-14,ACC,INE012A01025,EQ,Dividend - Rs 7.50 Per Share,14-Jun-2024,,DIVIDEND,CASH_DISTRIBUTION,false,false
2024-06-14,ADANIENT,INE423A01024,EQ,Dividend - Rs 1.30 Per Share,14-Jun-2024,,DIVIDEND,CASH_DISTRIBUTION,true,true
2024-06-14,AMBUJACEM,INE079A01024,EQ,Dividend - Rs 2 Per Share,14-Jun-2024,,DIVIDEND,CASH_DISTRIBUTION,false,false
2024-06-21,BAJAJFINSV,INE918I01018,EQ,Dividend - Re 1 Per Share,21-Jun-2024,,DIVIDEND,CASH_DISTRIBUTION,true,true
2024-06-21,BAJFINANCE,INE296A01016,EQ,Dividend - Rs 36 Per Share,21-Jun-2024,,DIVIDEND,CASH_DISTRIBUTION,true,true
2024-06-21,BPCL,INE029A01011,EQ,Bonus 1:1,22-Jun-2024,,BONUS,SHARE_RATIO_ACTION,false,false
2024-06-21,HDFCLIFE,INE795G01014,EQ,Dividend - Rs 2 Per Share,21-Jun-2024,,DIVIDEND,CASH_DISTRIBUTION,true,true
2024-06-21,HINDPETRO,INE094A01015,EQ,Bonus 1:2,21-Jun-2024,,BONUS,SHARE_RATIO_ACTION,false,false
2024-06-27,TITAN,INE280A01010,EQ,Annual General Meeting/Dividend - Rs 11 Per Share,-,,DIVIDEND,CASH_DISTRIBUTION,true,true
2024-06-28,BANKBARODA,INE028A01013,EQ,Annual General Meeting/Dividend - Rs 7.60 Per Share,-,,DIVIDEND,CASH_DISTRIBUTION,false,false
2024-06-28,INDUSINDBK,INE095A01012,EQ,Dividend - Rs 16.50 Per Share,28-Jun-2024,,DIVIDEND,CASH_DISTRIBUTION,false,false
2024-07-04,TATAPOWER,INE245A01013,EQ,Dividend - Rs 2 Per Share,04-Jul-2024,,DIVIDEND,CASH_DISTRIBUTION,false,false
2024-07-04,VEDL,INE205A01025,EQ,Annual General Meeting,-,,ADMINISTRATIVE,NO_ECONOMIC_EFFECT,false,false
2024-07-09,JSWSTEEL,INE019A01020,EQ,Annual General Meeting/Dividend - Rs 7.30 Per Share,-,,DIVIDEND,CASH_DISTRIBUTION,true,true
2024-07-12,IOC,INE242A01010,EQ,Dividend - Rs 7 Per Share,12-Jul-2024,,DIVIDEND,CASH_DISTRIBUTION,false,false
2024-07-16,LUPIN,INE326A01029,EQ,Dividend - Rs 8 Per Share,16-Jul-2024,,DIVIDEND,CASH_DISTRIBUTION,false,false
2024-07-16,NESTLEIND,INE239A01016,EQ,Dividend - Rs 8.50 Per Share,16-Jul-2024,,DIVIDEND,CASH_DISTRIBUTION,true,true
2024-07-16,NESTLEIND,INE239A01016,EQ,Interim Dividend - Rs 2.75 Per Share,16-Jul-2024,,DIVIDEND,CASH_DISTRIBUTION,true,true
2024-07-19,BOSCHLTD,INE323A01026,EQ,Annual General Meeting/Dividend - Rs 170 Per Share,-,,DIVIDEND,CASH_DISTRIBUTION,false,false
2024-07-23,SHREECEM,INE070A01015,EQ,Dividend - Rs 55 Per Share,23-Jul-2024,,DIVIDEND,CASH_DISTRIBUTION,false,false
2024-07-23,SHRIRAMFIN,INE721A01013,EQ,Annual General Meeting/Dividend - Rs  15 Per Share,-,,DIVIDEND,CASH_DISTRIBUTION,true,true
2024-07-26,TATACONSUM,INE192A01025,EQ,Rights 1:26 @ Premium Rs 817/-,27-Jul-2024,,RIGHTS,REQUIRES_EX_RIGHTS_TREATMENT,true,true
2024-07-30,AUROPHARMA,INE406A01029,EQ,Buy Back,30-Jul-2024,,BUYBACK,NO_MECHANICAL_PRICE_ADJUSTMENT,false,false
2024-08-01,HEROMOTOCO,INE158A01026,EQ,Annual General Meeting/Dividend - Rs 40 Per Share,-,,DIVIDEND,CASH_DISTRIBUTION,false,false
2024-08-02,DIVISLAB,INE361B01024,EQ,Dividend - Rs 30 Per Share,02-Aug-2024,,DIVIDEND,CASH_DISTRIBUTION,true,false
2024-08-02,VEDL,INE205A01025,EQ,Interim Dividend - Rs 4 Per Share,03-Aug-2024,,DIVIDEND,CASH_DISTRIBUTION,false,false
2024-08-05,BRITANNIA,INE216A01014,EQ,Annual General Meeting/ Dividend - Rs 73.5 Per Share,-,,DIVIDEND,CASH_DISTRIBUTION,true,true
2024-08-06,GRASIM,INE047A01013,EQ,Annual General Meeting/Dividend - Rs 10 Per Share,-,,DIVIDEND,CASH_DISTRIBUTION,true,true
2024-08-09,BHEL,INE257A01018,EQ,Dividend - Rs 0.25 Per Share,09-Aug-2024,,DIVIDEND,CASH_DISTRIBUTION,false,false
2024-08-09,BPCL,INE029A01011,EQ,Dividend - Rs 10.5 Per Share,09-Aug-2024,,DIVIDEND,CASH_DISTRIBUTION,false,false
2024-08-09,HINDPETRO,INE094A01015,EQ,Dividend - Rs 11 Per Share,09-Aug-2024,,DIVIDEND,CASH_DISTRIBUTION,false,false
2024-08-12,UPL,INE628A01036,EQ,Dividend - Re 1 Per Share,-,,DIVIDEND,CASH_DISTRIBUTION,false,false
2024-08-14,BEL,INE263A01016,EQ,Annual General Meeting/Dividend - Re 0.80 Per Share,-,,DIVIDEND,CASH_DISTRIBUTION,false,true
2024-08-16,APOLLOHOSP,INE437A01016,EQ,Annual General Meeting/Dividend - Rs 10 Per Share,17-Aug-2024,,DIVIDEND,CASH_DISTRIBUTION,true,true
2024-08-20,IDEA,INE669E01016,EQ,Annual General Meeting,-,,ADMINISTRATIVE,NO_ECONOMIC_EFFECT,false,false
2024-08-23,MAXHEALTH,INE027H01010,EQ,Dividend - Rs 1.5 Per Share,23-Aug-2024,,DIVIDEND,CASH_DISTRIBUTION,false,false
2024-08-26,AUROPHARMA,INE406A01029,EQ,Annual General Meeting,-,,ADMINISTRATIVE,NO_ECONOMIC_EFFECT,false,false
2024-09-10,VEDL,INE205A01025,EQ,Interim Dividend - Rs 20 Per Share,10-Sep-2024,,DIVIDEND,CASH_DISTRIBUTION,false,false
2024-11-07,SHRIRAMFIN,INE721A01013,EQ,Interim Dividend - Rs 22 Per Share,07-Nov-2024,,DIVIDEND,CASH_DISTRIBUTION,true,true
2024-11-08,ZEEL,INE256A01028,EQ,Dividend - Re 1 Per Share,08-Nov-2024,,DIVIDEND,CASH_DISTRIBUTION,false,false
2024-11-26,UPL,INE628A01036,EQ,Rights 1:8 @ Premium Rs 358/-,26-Nov-2024,,RIGHTS,REQUIRES_EX_RIGHTS_TREATMENT,false,false
2024-12-24,VEDL,INE205A01025,EQ,Interim Dividend - Rs 8.50 Per Share,24-Dec-2024,,DIVIDEND,CASH_DISTRIBUTION,false,false
2025-01-10,SHRIRAMFIN,INE721A01013,EQ,Face Value Split (Sub-Division) - From Rs 10/- Per Share To Rs 2/- Per Share,10-Jan-2025,,SPLIT,SHARE_RATIO_ACTION,true,true
2025-01-29,BPCL,INE029A01011,EQ,Interim Dividend - Rs 5 Per Share,29-Jan-2025,,DIVIDEND,CASH_DISTRIBUTION,false,false
2025-01-31,SHRIRAMFIN,INE721A01013,EQ,Interim Dividend - Rs 2.50 Per Share,31-Jan-2025,,DIVIDEND,CASH_DISTRIBUTION,true,true
2025-02-05,SHREECEM,INE070A01015,EQ,Interim Dividend - Rs 50 Per Share,05-Feb-2025,,DIVIDEND,CASH_DISTRIBUTION,false,false
2025-02-07,GAIL,INE129A01019,EQ,Interim Dividend - Rs 6.50 Per Share,07-Feb-2025,,DIVIDEND,CASH_DISTRIBUTION,false,false
2025-02-07,NESTLEIND,INE239A01016,EQ,Interim Dividend - Rs 14.25 Per Share,07-Feb-2025,,DIVIDEND,CASH_DISTRIBUTION,true,true
2025-02-12,HEROMOTOCO,INE158A01026,EQ,Interim Dividend - Rs 100 Per Share,12-Feb-2025,,DIVIDEND,CASH_DISTRIBUTION,false,false
2025-02-14,APOLLOHOSP,INE437A01016,EQ,Interim Dividend - Rs 9 Per Share,15-Feb-2025,,DIVIDEND,CASH_DISTRIBUTION,true,true
2025-03-07,SBILIFE,INE123W01016,EQ,Interim Dividend - Rs 2.70 Per Share,07-Mar-2025,,DIVIDEND,CASH_DISTRIBUTION,true,true
2025-03-11,BEL,INE263A01016,EQ,Interim Dividend - Rs 1.5 Per Share,11-Mar-2025,,DIVIDEND,CASH_DISTRIBUTION,true,true
2025-05-09,BAJFINANCE,INE296A01016,EQ,Special Dividend - Rs 12 Per Share,09-May-2025,,DIVIDEND,CASH_DISTRIBUTION,true,true
2025-05-29,TATACONSUM,INE192A01025,EQ,Dividend - Rs 8.25 Per Share,29-May-2025,,DIVIDEND,CASH_DISTRIBUTION,true,true
2025-05-30,BAJFINANCE,INE296A01016,EQ,Dividend - Rs 44 Per Share,30-May-2025,,DIVIDEND,CASH_DISTRIBUTION,true,true
2025-06-06,BANKBARODA,INE028A01013,EQ,Dividend - Rs 8.35 Per Share,06-Jun-2025,,DIVIDEND,CASH_DISTRIBUTION,false,false
2025-06-12,TRENT,INE849A01012,EQ,Dividend - Rs 5 Per Share,12-Jun-2025,,DIVIDEND,CASH_DISTRIBUTION,true,true
2025-06-13,ACC,INE012A01025,EQ,Dividend - Rs 7.50 Per Share,13-Jun-2025,,DIVIDEND,CASH_DISTRIBUTION,false,false
2025-06-13,ADANIENT,INE423A01024,EQ,Dividend - Rs 1.30 Per Share,13-Jun-2025,,DIVIDEND,CASH_DISTRIBUTION,true,true
2025-06-13,AMBUJACEM,INE079A01024,EQ,Dividend - Rs 2 Per Share,13-Jun-2025,,DIVIDEND,CASH_DISTRIBUTION,false,false
2025-06-16,BAJFINANCE,INE296A01016,EQ,Bonus 4:1,16-Jun-2025,,BONUS,SHARE_RATIO_ACTION,true,true
2025-06-16,BAJFINANCE,INE296A01016,EQ,Face Value Split (Sub-Division) - From Rs 2/- Per Share To Re 1/- Per Share,16-Jun-2025,,SPLIT,SHARE_RATIO_ACTION,true,true
2025-06-20,HDFCLIFE,INE795G01014,EQ,Dividend - Rs 2.10 Per Share,20-Jun-2025,,DIVIDEND,CASH_DISTRIBUTION,true,true
2025-06-20,TATAPOWER,INE245A01013,EQ,Dividend - Rs 2.25 Per Share,20-Jun-2025,,DIVIDEND,CASH_DISTRIBUTION,false,false
2025-06-24,VEDL,INE205A01025,EQ,Interim Dividend - Rs 7 Per Share,24-Jun-2025,,DIVIDEND,CASH_DISTRIBUTION,false,false
2025-06-27,BAJAJFINSV,INE918I01018,EQ,Dividend - Re 1 Per Share,27-Jun-2025,,DIVIDEND,CASH_DISTRIBUTION,true,true
2025-07-04,MAXHEALTH,INE027H01010,EQ,Dividend - Rs 1.50 Per Share,04-Jul-2025,,DIVIDEND,CASH_DISTRIBUTION,false,true
2025-07-04,NESTLEIND,INE239A01016,EQ,Dividend - Rs 10 Per Share,04-Jul-2025,,DIVIDEND,CASH_DISTRIBUTION,true,true
2025-07-08,JSWSTEEL,INE019A01020,EQ,Dividend - Rs 2.80 Per Share,08-Jul-2025,,DIVIDEND,CASH_DISTRIBUTION,true,true
2025-07-08,TITAN,INE280A01010,EQ,Dividend - Rs 11 Per Share,08-Jul-2025,,DIVIDEND,CASH_DISTRIBUTION,true,true
2025-07-11,SHRIRAMFIN,INE721A01013,EQ,Dividend - Rs 3 Per Share,11-Jul-2025,,DIVIDEND,CASH_DISTRIBUTION,true,true
2025-07-11,UPL,INE628A01036,EQ,Dividend - Rs 6 Per Share,11-Jul-2025,,DIVIDEND,CASH_DISTRIBUTION,false,false
2025-07-21,SHREECEM,INE070A01015,EQ,Dividend - Rs 60 Per Share,21-Jul-2025,,DIVIDEND,CASH_DISTRIBUTION,false,false
2025-07-24,HEROMOTOCO,INE158A01026,EQ,Dividend - Rs 65 Per Share,24-Jul-2025,,DIVIDEND,CASH_DISTRIBUTION,false,false
2025-07-25,DIVISLAB,INE361B01024,EQ,Dividend - Rs 30 Per Share,25-Jul-2025,,DIVIDEND,CASH_DISTRIBUTION,false,false
2025-07-25,LUPIN,INE326A01029,EQ,Dividend - Rs 12 Per Share,25-Jul-2025,,DIVIDEND,CASH_DISTRIBUTION,false,false
2025-07-29,BOSCHLTD,INE323A01026,EQ,Dividend - Rs 512 Per Share,29-Jul-2025,,DIVIDEND,CASH_DISTRIBUTION,false,false
2025-07-31,BPCL,INE029A01011,EQ,Dividend - Rs 5 Per Share,31-Jul-2025,,DIVIDEND,CASH_DISTRIBUTION,false,false
2025-08-01,BHEL,INE257A01018,EQ,Dividend - Re 0.50 Per Share,01-Aug-2025,,DIVIDEND,CASH_DISTRIBUTION,false,false
2025-08-04,BRITANNIA,INE216A01014,EQ,Dividend - Rs 75 Per Share,04-Aug-2025,,DIVIDEND,CASH_DISTRIBUTION,false,false
2025-08-04,GAIL,INE129A01019,EQ,Dividend - Re 1 Per Share,04-Aug-2025,,DIVIDEND,CASH_DISTRIBUTION,false,false
2025-08-08,AUROPHARMA,INE406A01029,EQ,Interim Dividend - Rs 4 Per Share,08-Aug-2025,,DIVIDEND,CASH_DISTRIBUTION,false,false
2025-08-08,IOC,INE242A01010,EQ,Dividend - Rs 3 Per Share,08-Aug-2025,,DIVIDEND,CASH_DISTRIBUTION,false,false
2025-08-08,NESTLEIND,INE239A01016,EQ,Bonus 1:1,08-Aug-2025,,BONUS,SHARE_RATIO_ACTION,true,true
2025-08-11,JIOFIN,INE758E01017,EQ,Dividend - Re 0.50 Per Share,11-Aug-2025,,DIVIDEND,CASH_DISTRIBUTION,true,true
2025-08-12,GRASIM,INE047A01013,EQ,Dividend - Rs 10 Per Share,12-Aug-2025,,DIVIDEND,CASH_DISTRIBUTION,true,true
2025-08-13,INDIGO,INE646L01027,EQ,Dividend - Rs 10 Per Share,13-Aug-2025,,DIVIDEND,CASH_DISTRIBUTION,false,true
2025-08-14,BEL,INE263A01016,EQ,Dividend - Rs 0.90 Per Share,14-Aug-2025,,DIVIDEND,CASH_DISTRIBUTION,true,true
2025-08-14,HINDPETRO,INE094A01015,EQ,Dividend - Rs 10.50 Per Share,14-Aug-2025,,DIVIDEND,CASH_DISTRIBUTION,false,false
2025-08-19,APOLLOHOSP,INE437A01016,EQ,Dividend - Rs 10 Per Share,19-Aug-2025,,DIVIDEND,CASH_DISTRIBUTION,true,true
2025-08-26,VEDL,INE205A01025,EQ,Interim Dividend - Rs 16 Per Share,27-Aug-2025,,DIVIDEND,CASH_DISTRIBUTION,false,false
2025-08-29,ZEEL,INE256A01028,EQ,Dividend - Rs 2.43 Per Share,29-Aug-2025,,DIVIDEND,CASH_DISTRIBUTION,false,false
2025-11-03,SHREECEM,INE070A01015,EQ,Interim Dividend - Rs 80 Per Share,03-Nov-2025,,DIVIDEND,CASH_DISTRIBUTION,false,false
2025-11-06,HINDPETRO,INE094A01015,EQ,Interim Dividend - Rs 5 Per Share,06-Nov-2025,,DIVIDEND,CASH_DISTRIBUTION,false,false
2025-11-07,BPCL,INE029A01011,EQ,Interim Dividend - Rs 7.50 Per Share,07-Nov-2025,,DIVIDEND,CASH_DISTRIBUTION,false,false
2025-11-07,SHRIRAMFIN,INE721A01013,EQ,Interim Dividend - Rs 4.80 Per Share,07-Nov-2025,,DIVIDEND,CASH_DISTRIBUTION,true,false
2025-11-17,ADANIENT,INE423A01024,EQ,Rights 3:25 @ Premium Rs 1799/-,17-Nov-2025,,RIGHTS,REQUIRES_EX_RIGHTS_TREATMENT,true,false
2025-12-18,IOC,INE242A01010,EQ,Interim Dividend - Rs 5 Per Share,18-Dec-2025,,DIVIDEND,CASH_DISTRIBUTION,false,false
