rebalance_date,rank,reference_symbol,independent_symbol,status
2018-03-28,1,HINDUNILVR,HINDUNILVR,PASS
2018-03-28,2,MARUTI,MARUTI,PASS
2018-03-28,3,BAJFINANCE,BAJFINANCE,PASS
2018-03-28,4,IBULHSGFIN,IBULHSGFIN,PASS
2018-03-28,5,TATASTEEL,TATASTEEL,PASS
2018-06-29,1,TITAN,TITAN,PASS
2018-06-29,2,TECHM,TECHM,PASS
2018-06-29,3,BAJFINANCE,BAJFINANCE,PASS
2018-06-29,4,HINDUNILVR,HINDUNILVR,PASS
2018-06-29,5,BAJAJFINSV,BAJAJFINSV,PASS
2018-09-28,1,TECHM,TECHM,PASS
2018-09-28,2,BAJFINANCE,BAJFINANCE,PASS
2018-09-28,3,INFY,INFY,PASS
2018-09-28,4,JSWSTEEL,JSWSTEEL,PASS
2018-09-28,5,HINDUNILVR,HINDUNILVR,PASS
2018-12-31,1,BAJFINANCE,BAJFINANCE,PASS
2018-12-31,2,TECHM,TECHM,PASS
2018-12-31,3,HINDUNILVR,HINDUNILVR,PASS
2018-12-31,4,RELIANCE,RELIANCE,PASS
2018-12-31,5,KOTAKBANK,KOTAKBANK,PASS
2019-03-29,1,BAJFINANCE,BAJFINANCE,PASS
2019-03-29,2,TECHM,TECHM,PASS
2019-03-29,3,AXISBANK,AXISBANK,PASS
2019-03-29,4,HINDUNILVR,HINDUNILVR,PASS
2019-03-29,5,RELIANCE,RELIANCE,PASS
2019-06-28,1,BAJFINANCE,BAJFINANCE,PASS
2019-06-28,2,ICICIBANK,ICICIBANK,PASS
2019-06-28,3,AXISBANK,AXISBANK,PASS
2019-06-28,4,RELIANCE,RELIANCE,PASS
2019-06-28,5,UPL,UPL,PASS
2019-09-30,1,TITAN,TITAN,PASS
2019-09-30,2,ICICIBANK,ICICIBANK,PASS
2019-09-30,3,ASIANPAINT,ASIANPAINT,PASS
2019-09-30,4,BAJFINANCE,BAJFINANCE,PASS
2019-09-30,5,HDFC,HDFC,PASS
2019-12-31,1,BAJFINANCE,BAJFINANCE,PASS
2019-12-31,2,BPCL,BPCL,PASS
2019-12-31,3,BAJAJFINSV,BAJAJFINSV,PASS
2019-12-31,4,ICICIBANK,ICICIBANK,PASS
2019-12-31,5,BHARTIARTL,BHARTIARTL,PASS
2020-03-31,1,BAJFINANCE,BAJFINANCE,PASS
2020-03-31,2,BHARTIARTL,BHARTIARTL,PASS
2020-03-31,3,NESTLEIND,NESTLEIND,PASS
2020-03-31,4,ICICIBANK,ICICIBANK,PASS
2020-03-31,5,BAJAJFINSV,BAJAJFINSV,PASS
2020-06-30,1,BHARTIARTL,BHARTIARTL,PASS
2020-06-30,2,NESTLEIND,NESTLEIND,PASS
2020-06-30,3,DRREDDY,DRREDDY,PASS
2020-06-30,4,ASIANPAINT,ASIANPAINT,PASS
2020-06-30,5,CIPLA,CIPLA,PASS
2020-09-30,1,DIVISLAB,DIVISLAB,PASS
2020-09-30,2,DRREDDY,DRREDDY,PASS
2020-09-30,3,RELIANCE,RELIANCE,PASS
2020-09-30,4,CIPLA,CIPLA,PASS
2020-09-30,5,BHARTIARTL,BHARTIARTL,PASS
2020-12-31,1,DIVISLAB,DIVISLAB,PASS
2020-12-31,2,DRREDDY,DRREDDY,PASS
2020-12-31,3,CIPLA,CIPLA,PASS
2020-12-31,4,INFY,INFY,PASS
2020-12-31,5,WIPRO,WIPRO,PASS
2021-03-31,1,TATAMOTORS,TATAMOTORS,PASS
2021-03-31,2,HINDALCO,HINDALCO,PASS
2021-03-31,3,ADANIPORTS,ADANIPORTS,PASS
2021-03-31,4,CIPLA,CIPLA,PASS
2021-03-31,5,TATASTEEL,TATASTEEL,PASS
2021-06-30,1,JSWSTEEL,JSWSTEEL,PASS
2021-06-30,2,TATASTEEL,TATASTEEL,PASS
2021-06-30,3,TATAMOTORS,TATAMOTORS,PASS
2021-06-30,4,BAJFINANCE,BAJFINANCE,PASS
2021-06-30,5,HINDALCO,HINDALCO,PASS
2021-09-30,1,TATASTEEL,TATASTEEL,PASS
2021-09-30,2,BAJAJFINSV,BAJAJFINSV,PASS
2021-09-30,3,JSWSTEEL,JSWSTEEL,PASS
2021-09-30,4,HINDALCO,HINDALCO,PASS
2021-09-30,5,WIPRO,WIPRO,PASS
2021-12-31,1,TATAMOTORS,TATAMOTORS,PASS
2021-12-31,2,BAJAJFINSV,BAJAJFINSV,PASS
2021-12-31,3,GRASIM,GRASIM,PASS
2021-12-31,4,SBIN,SBIN,PASS
2021-12-31,5,TATASTEEL,TATASTEEL,PASS
2022-03-31,1,TITAN,TITAN,PASS
2022-03-31,2,TATASTEEL,TATASTEEL,PASS
2022-03-31,3,HINDALCO,HINDALCO,PASS
2022-03-31,4,BAJAJFINSV,BAJAJFINSV,PASS
2022-03-31,5,JSWSTEEL,JSWSTEEL,PASS
2022-06-30,1,NTPC,NTPC,PASS
2022-06-30,2,TATAMOTORS,TATAMOTORS,PASS
2022-06-30,3,TITAN,TITAN,PASS
2022-06-30,4,ONGC,ONGC,PASS
2022-06-30,5,BHARTIARTL,BHARTIARTL,PASS
2022-09-30,1,ADANIENT,ADANIENT,PASS
2022-09-30,2,M&M,M&M,PASS
2022-09-30,3,TATAMOTORS,TATAMOTORS,PASS
2022-09-30,4,COALINDIA,COALINDIA,PASS
2022-09-30,5,ITC,ITC,PASS
2022-12-30,1,ADANIENT,ADANIENT,PASS
2022-12-30,2,M&M,M&M,PASS
2022-12-30,3,ITC,ITC,PASS
2022-12-30,4,COALINDIA,COALINDIA,PASS
2022-12-30,5,EICHERMOT,EICHERMOT,PASS
2023-03-31,1,ITC,ITC,PASS
2023-03-31,2,M&M,M&M,PASS
2023-03-31,3,BRITANNIA,BRITANNIA,PASS
2023-03-31,4,NTPC,NTPC,PASS
2023-03-31,5,COALINDIA,COALINDIA,PASS
2023-06-30,1,ITC,ITC,PASS
2023-06-30,2,INDUSINDBK,INDUSINDBK,PASS
2023-06-30,3,AXISBANK,AXISBANK,PASS
2023-06-30,4,LT,LT,PASS
2023-06-30,5,EICHERMOT,EICHERMOT,PASS
2023-09-29,1,LT,LT,PASS
2023-09-29,2,ITC,ITC,PASS
2023-09-29,3,NTPC,NTPC,PASS
2023-09-29,4,DRREDDY,DRREDDY,PASS
2023-09-29,5,AXISBANK,AXISBANK,PASS
2023-12-29,1,BAJAJ-AUTO,BAJAJ-AUTO,PASS
2023-12-29,2,TATAMOTORS,TATAMOTORS,PASS
2023-12-29,3,NTPC,NTPC,PASS
2023-12-29,4,COALINDIA,COALINDIA,PASS
2023-12-29,5,LT,LT,PASS
2024-03-28,1,ADANIENT,ADANIENT,PASS
2024-03-28,2,TATAMOTORS,TATAMOTORS,PASS
2024-03-28,3,ADANIPORTS,ADANIPORTS,PASS
2024-03-28,4,BAJAJ-AUTO,BAJAJ-AUTO,PASS
2024-03-28,5,COALINDIA,COALINDIA,PASS
2024-06-28,1,NTPC,NTPC,PASS
2024-06-28,2,COALINDIA,COALINDIA,PASS
2024-06-28,3,BAJAJ-AUTO,BAJAJ-AUTO,PASS
2024-06-28,4,ADANIPORTS,ADANIPORTS,PASS
2024-06-28,5,M&M,M&M,PASS
2024-09-30,1,TRENT,TRENT,PASS
2024-09-30,2,BAJAJ-AUTO,BAJAJ-AUTO,PASS
2024-09-30,3,COALINDIA,COALINDIA,PASS
2024-09-30,4,BEL,BEL,PASS
2024-09-30,5,ONGC,ONGC,PASS
2024-12-31,1,TRENT,TRENT,PASS
2024-12-31,2,BEL,BEL,PASS
2024-12-31,3,M&M,M&M,PASS
2024-12-31,4,BHARTIARTL,BHARTIARTL,PASS
2024-12-31,5,POWERGRID,POWERGRID,PASS
2025-03-28,1,BHARTIARTL,BHARTIARTL,PASS
2025-03-28,2,M&M,M&M,PASS
2025-03-28,3,BAJFINANCE,BAJFINANCE,PASS
2025-03-28,4,HINDALCO,HINDALCO,PASS
2025-03-28,5,EICHERMOT,EICHERMOT,PASS
2025-06-30,1,HDFCLIFE,HDFCLIFE,PASS
2025-06-30,2,BAJFINANCE,BAJFINANCE,PASS
2025-06-30,3,BHARTIARTL,BHARTIARTL,PASS
2025-06-30,4,BAJAJFINSV,BAJAJFINSV,PASS
2025-06-30,5,SBILIFE,SBILIFE,PASS
2025-09-30,1,MAXHEALTH,MAXHEALTH,PASS
2025-09-30,2,BEL,BEL,PASS
2025-09-30,3,EICHERMOT,EICHERMOT,PASS
2025-09-30,4,MARUTI,MARUTI,PASS
2025-09-30,5,BHARTIARTL,BHARTIARTL,PASS
