date,index_name,total_returns_index,ntr_value
2017-01-02,Nifty 50,11031.91,10411.82
2017-01-03,Nifty 50,11049.08,10428.02
2017-01-04,Nifty 50,11046.76,10425.83
2017-01-05,Nifty 50,11159.12,10531.88
2017-01-06,Nifty 50,11118.62,10493.66
2017-01-09,Nifty 50,11108.2,10483.82
2017-01-10,Nifty 50,11179.04,10550.68
2017-01-11,Nifty 50,11303.19,10667.85
2017-01-12,Nifty 50,11339.04,10701.69
2017-01-13,Nifty 50,11329.78,10692.94
2017-01-16,Nifty 50,11346.57,10708.79
2017-01-17,Nifty 50,11326.62,10689.96
2017-01-18,Nifty 50,11352.22,10714.12
2017-01-19,Nifty 50,11376.62,10737.15
2017-01-20,Nifty 50,11260.99,10628.02
2017-01-23,Nifty 50,11319.09,10682.86
2017-01-24,Nifty 50,11432.83,10790.21
2017-01-25,Nifty 50,11604.09,10951.83
2017-01-27,Nifty 50,11656.0,11000.83
2017-01-30,Nifty 50,11644.53,10990.0
2017-01-31,Nifty 50,11548.15,10899.04
2018-01-01,Nifty 50,14252.02,13279.87
2018-01-02,Nifty 50,14261.1,13288.34
2018-01-03,Nifty 50,14262.48,13289.62
2018-01-04,Nifty 50,14346.59,13368.0
2018-01-05,Nifty 50,14420.42,13436.79
2018-01-08,Nifty 50,14508.81,13519.15
2018-01-09,Nifty 50,14527.15,13536.24
2018-01-10,Nifty 50,14520.56,13530.1
2018-01-11,Nifty 50,14546.49,13554.26
2018-01-12,Nifty 50,14587.54,13592.52
2018-01-15,Nifty 50,14669.9,13669.25
2018-01-16,Nifty 50,14613.79,13616.98
2018-01-17,Nifty 50,14734.07,13729.05
2018-01-18,Nifty 50,14774.67,13766.88
2018-01-19,Nifty 50,14880.8,13865.77
2018-01-22,Nifty 50,14979.72,13957.94
2018-01-23,Nifty 50,15140.24,14107.51
2018-01-24,Nifty 50,15143.35,14110.41
2018-01-25,Nifty 50,15121.0,14089.59
2018-01-29,Nifty 50,15204.42,14167.32
2018-01-30,Nifty 50,15095.42,14065.75
2018-01-31,Nifty 50,15065.82,14038.17
2023-07-03,Nifty 50,28254.9,25648.04
2023-07-04,Nifty 50,28352.01,25736.19
2023-07-05,Nifty 50,28365.96,25748.85
2023-07-06,Nifty 50,28510.39,25879.96
2023-07-07,Nifty 50,28269.43,25661.0
2023-07-10,Nifty 50,28304.66,25692.98
2023-07-11,Nifty 50,28429.42,25805.65
2023-07-12,Nifty 50,28348.88,25732.55
2023-07-13,Nifty 50,28393.32,25772.58
2023-07-14,Nifty 50,28618.6,25976.03
2023-07-17,Nifty 50,28833.54,26171.12
2023-07-18,Nifty 50,28888.85,26221.32
2023-07-19,Nifty 50,29011.55,26332.69
2023-07-20,Nifty 50,29231.71,26531.1
2023-07-21,Nifty 50,28890.53,26219.69
2023-07-24,Nifty 50,28784.26,26123.25
2023-07-25,Nifty 50,28796.35,26134.22
2023-07-26,Nifty 50,28939.3,26263.95
2023-07-27,Nifty 50,28769.02,26108.77
2023-07-28,Nifty 50,28752.69,26093.09
2023-07-31,Nifty 50,28910.43,26236.24
2024-08-01,Nifty 50,37049.7,33480.04
2024-08-02,Nifty 50,36624.49,33093.83
2024-08-05,Nifty 50,35646.37,32209.37
2024-08-06,Nifty 50,35554.15,32125.78
2024-08-07,Nifty 50,36020.75,32544.21
2024-08-08,Nifty 50,35753.12,32302.41
2024-08-09,Nifty 50,36126.23,32637.65
2024-08-12,Nifty 50,36119.45,32626.43
2024-08-13,Nifty 50,35810.83,32347.66
2024-08-14,Nifty 50,35817.89,32354.04
2024-08-16,Nifty 50,36415.85,32892.35
2024-08-19,Nifty 50,36473.95,32942.38
2024-08-20,Nifty 50,36661.24,33111.54
2024-08-21,Nifty 50,36767.19,33207.23
2024-08-22,Nifty 50,36828.5,33262.6
2024-08-23,Nifty 50,36849.02,33280.43
2024-08-26,Nifty 50,37127.3,33531.75
2024-08-27,Nifty 50,37137.91,33541.34
2024-08-28,Nifty 50,37189.27,33587.73
2024-08-29,Nifty 50,37337.09,33721.23
2024-08-30,Nifty 50,37461.73,33833.8
